# Top 1000 domains by number of captures (records), largest first
rank	domain	records	text_bytes	first_capture	last_capture
1	twitter.com	180658820	994454997703	20061118	20241128
2	facebook.com	134333987	636855808738	20060306	20241205
3	youtube.com	86732119	187465856704	20050804	20241204
4	ritzauinfo.dk	72675533	441085970356	20080430	20160626
5	google.com	38115843	401857620713	20001207	20241205
6	avisen.dk	32950296	106518090913	20000108	20241205
7	ft.dk	32630964	220979762783	19990607	20241204
8	natmus.dk	26823456	42241334153	19961220	20241127
9	wikipedia.org	18834036	77869315054	20050616	20241204
10	reddit.com	18716171	72452595886	20060107	20241204
11	kmdvalg.dk	17075543	11072110666	20011117	20241125
12	wordpress.com	12851612	46673422609	20051217	20241205
13	bazo.dk	12565963	876739493476	20161129	20241204
14	tv2oj.dk	12556365	71513543904	20001202	20230319
15	arto.com	10320466	20437172569	20060417	20241104
16	bmcdn.dk	10198708	4722030012	20150822	20241204
17	tumblr.com	9609101	28796106728	20070401	20241202
18	news.dk	9400854	44532835511	20060802	20241205
19	vimeo.com	9382592	19384929488	20050920	20241130
20	emu.dk	9210671	37533540100	19990202	20241204
21	heste-nettet.dk	8893068	19620076106	19980204	20241119
22	ourtree.dk	8877963	5547003793	20070414	20241106
23	linkedin.com	8800141	24917117695	20050704	20241205
24	emediate.dk	8496211	5447833937	20011125	20210515
25	skagensavis.dk	8355282	31078710989	20070618	20241204
26	dmi.dk	8002029	42243417800	19961102	20241204
27	pinterest.com	7391528	9108456062	20101029	20241202
28	studieportalen.dk	7330390	17350469429	20030206	20241124
29	sonderborg.dk	7053187	13347135578	19990909	20241126
30	bidstrup.cc	6823716	12717628245	20060303	20241106
31	gornitzka.net	6819505	8931604684	20050724	20240423
32	lex.dk	6528995	11981152667	20141201	20241129
33	organictoday.dk	6508510	36244354429	20111104	20241103
34	emediate.eu	6485125	3250764463	20070504	20230604
35	flickr.com	6425038	11231562111	20050615	20241204
36	retsinformation.dk	6419005	99155856146	20050621	20241111
37	bilzonen.dk	6366372	45017209507	20001017	20241125
38	saebyavis.dk	6358575	23207137378	20090727	20241204
39	tagdel.dk	6311781	65073413107	20110824	20241010
40	toyotaextreme.dk	6172048	8328007130	20010626	20241128
41	michaelaxelsen.dk	6135467	11453270767	20140505	20241101
42	sermitsiaq.ag	6072811	42093243568	20100405	20241204
43	haandbryg.dk	6056434	3683236847	20020404	20241125
44	prisjagt.dk	5959036	8054125937	20050621	20241126
45	adl.dk	5783316	10644238941	20011129	20221112
46	virk.dk	5766916	8875962235	20020401	20241118
47	wikimedia.org	5761303	25560164458	20050616	20241204
48	lejrefotoklub.dk	5655321	3564619568	20070428	20231013
49	min-rimordbog.dk	5636235	9378998095	20150604	20241103
50	byggefirmavestfyn.dk	5294456	7092843324	20010205	20241126
51	tvsyd.dk	5263760	27144641189	19990912	20241204
52	eskak.dk	5263479	5913104975	20041013	20240810
53	boligdebatten.dk	5108238	8499232251	20070427	20240907
54	largestcompanies.dk	5050600	8424048482	20060618	20241102
55	winn.dk	5010871	588041443	20021008	20241106
56	eat-it.dk	4999235	1335189969	20030629	20240626
57	chartbase.dk	4945877	8002961564	20080404	20241108
58	krak.dk	4930755	7930929681	19961108	20241124
59	ascona-a.dk	4926348	1955510210	20041123	20241104
60	degulesider.dk	4906426	9726984616	19981202	20241119
61	jaguarbar.dk	4885232	2428565720	20131109	20241111
62	careerjet.dk	4881513	11956957199	20070726	20241125
63	poulsteen.dk	4810194	18114826995	20080430	20241106
64	rokken3.dk	4798655	17993502894	20070303	20241128
65	denstoredanske.dk	4749526	12195348118	20081204	20200520
66	bornholm-stamtavle.dk	4724816	3838034513	20060112	20241103
67	peter-skjoldhoj.dk	4719062	20325039605	20080430	20241106
68	bbhotels.dk	4705619	3084650741	20051227	20241125
69	mediumwave.info	4660667	37408327726	20070527	20241107
70	incl.dk	4591774	4182013624	20070511	20241128
71	troelswinther.dk	4585829	14021727380	20120821	20241003
72	satwcomic.com	4563512	7570554081	20110120	20241107
73	dofbasen.dk	4560526	5813770833	20020129	20241127
74	bongorama.dk	4533773	13986763629	20021208	20241130
75	adtech.de	4509457	25585999977	20050616	20241016
76	ettebjerg.dk	4500323	8134541071	20070423	20241104
77	faergelejet.dk	4490248	3446709301	20080414	20241122
78	danskfilmogtv.dk	4420076	5295216520	20061204	20241118
79	love.dk	4391104	9745065485	20010923	20210925
80	fonts.googleapis.com	4341370	44721942529	20100525	20241205
81	sundit.dk	4325890	11167100879	20050621	20241010
82	lille-broendum.dk	4301530	967178468	20080424	20241104
83	amino.dk	4295509	17000805077	20050618	20241130
84	jsja.dk	4290712	12659566302	20150903	20241106
85	myfamilytree.dk	4185929	12370463126	20100205	20241107
86	scenebillet.dk	4147484	4172588023	20060622	20230223
87	eksperten.dk	4141391	8052279923	20000116	20160401
88	clausbang.com	4130905	66492763270	20070410	20240201
89	scope.dk	4128616	7693071810	19961114	20241118
90	anneravnskjaer.dk	4082812	10520462011	20140118	20241107
91	lav-det-selv.dk	4080437	13602440743	20000621	20241128
92	familien-hoyer.dk	4077903	19020220744	20140119	20241105
93	radio100fm.dk	4077693	23262788256	20041013	20160607
94	github.com	4067476	17390417732	20080405	20241127
95	roued.com	4055234	3697117124	20071117	20241105
96	soundcloud.com	4010004	7206226728	20071121	20241129
97	filmz.dk	4004860	10788463785	20020323	20241129
98	larsensnet.dk	3980415	32712178495	20090228	20241106
99	yourskills.dk	3973879	3338741910	20160123	20241125
100	slaegter.dk	3969663	15896983747	20180526	20241105
101	familiensen.dk	3966088	10350052226	20110328	20241107
102	msn.com	3961462	18421936822	19991122	20241205
103	bjarklev.dk	3944007	11878281054	20001026	20241104
104	stoltze-saltoft.dk	3912539	15064882984	20170324	20241106
105	merespansk.dk	3903371	5363324044	20090301	20241108
106	mytwitter.dk	3892707	4994852136	20090725	20241101
107	mineroedder.dk	3848459	12279090615	20090725	20241107
108	overskrift.dk	3801521	17718754570	20040411	20241205
109	wiktionary.org	3787007	6812638953	20050624	20241128
110	finansnyheder.dk	3779932	25140616563	20030713	20230418
111	straarupnet.dk	3775803	10763292529	20030625	20241106
112	pov.international	3769633	31069991760	20160402	20241204
113	rasmussenweb.dk	3765234	6296965865	20110823	20241103
114	yahoo.com	3756888	6425283176	19971022	20241204
115	girander.dk	3756218	5812540451	20120819	20241104
116	bogbasen.dk	3709555	8212294323	20040528	20241104
117	laegemiddelstyrelsen.dk	3686230	19476869766	20010401	20241119
118	iblacom.dk	3684257	9351647679	20100813	20240811
119	sslug.dk	3676999	13025160777	19981212	20230513
120	888casino.dk	3668468	816069414	20090304	20241125
121	sohoul.dk	3665854	701230801	20080407	20241101
122	jets.dk	3632834	10101011243	20000118	20241129
123	korsoerslaegter.dk	3594516	12606847316	20140829	20241107
124	booking.com	3589639	54457826679	20050825	20241126
125	hoved-fi.dk	3565749	36396689732	20110822	20241129
126	filmdatabase.dk	3560283	6320728025	20010926	20241106
127	e-conomic.dk	3560038	12949136873	20010302	20241127
128	arkiv.dk	3557067	10729831092	20030828	20241123
129	kampsaxkollegiet.dk	3555748	2697948780	20140829	20241105
130	gear-freak.dk	3553150	14073385712	20110329	20241128
131	dlrk.dk	3543602	22538292630	20010303	20241129
132	graduateland.com	3539997	172357551652	20110421	20240406
133	jensthomasberg.dk	3538673	2497349381	20130302	20241121
134	onlineordbog.dk	3523033	3995383659	20050804	20241113
135	frandzen.eu	3507825	6597133319	20070302	20241106
136	jernbanen.dk	3487630	7120664113	20010331	20241127
137	daguerreobase.org	3453247	8819285413	20170620	20241104
138	ole-munk.dk	3453156	7233609944	20010709	20241106
139	keldslaegt.dk	3453096	5905008565	20060629	20241104
140	fbcdn.net	3446800	220202586300	20080413	20241120
141	sm1.dk	3440412	3242523059	20040602	20241102
142	arto.dk	3435187	4772284768	20000510	20241124
143	hal9k.dk	3426809	8699806479	20110329	20241105
144	alboge.dk	3422734	13922849858	20140118	20241106
145	tiktok.com	3394883	4589202376	20190308	20241205
146	koldingwiki.dk	3393106	10930357451	20130302	20241107
147	familiesporet.dk	3387028	7489877892	20100212	20241128
148	cinemazone.dk	3382474	28666289546	20000815	20241117
149	fjellerup.dk	3362271	468550475	20020810	20241106
150	myartspace.dk	3354233	3836864574	20070530	20241128
151	polennu.dk	3347035	51593224876	20090302	20241125
152	sporskiftet.dk	3343712	10957101375	20040406	20241129
153	vejlebib.dk	3343112	5166669801	19970601	20241127
154	comon.dk	3336642	23062525036	19980521	20201217
155	trackmania.dk	3264994	2769274093	20100207	20241105
156	tv2nord.dk	3236355	13297657524	19980123	20241204
157	adiirc.com	3236332	13738450584	20070320	20241104
158	glud-jacobsen.dk	3226660	15596185619	20080417	20241106
159	danskkulturarv.dk	3214496	4393953382	20070414	20241115
160	danmarks.net	3214407	3746725850	20050619	20210914
161	google.dk	3204266	7883866488	20010330	20241129
162	pangaea-world.dk	3193090	15652988950	20030625	20241128
163	eva.dk	3167911	12302700542	20000511	20241029
164	hornsyld.com	3167548	7361912767	20060616	20241106
165	reventlow.dk	3151442	21468484210	20000113	20241108
166	lottrup.org	3137976	10092240018	20070523	20241105
167	svingninger.dk	3132500	17656638579	20010517	20241112
168	besteducationnetwork.org	3128897	11219555383	20070331	20241105
169	danskforfatterleksikon.dk	3124665	5517175209	20150902	20241120
170	mybar.dk	3119831	1712022658	20050620	20241120
171	nuh.dk	3116314	2065387755	20030906	20170619
172	tv3.dk	3114904	3819023585	19970329	20241126
173	vinmageriet.dk	3102301	7474582847	20140830	20241104
174	zulu.dk	3095881	4817313099	20001109	20241123
175	postkortdatabasen.dk	3095606	5775935781	20120509	20241108
176	kunst.dk	3066610	12374849503	20070412	20241122
177	hansana.dk	3062942	6728531993	20130515	20241104
178	fatsecret.dk	3061860	5019676645	20110821	20241129
179	medinfo.dk	3047017	2582935032	20000615	20241118
180	fyldepennen.dk	3046955	20218178691	20000125	20241115
181	holgersen.eu	3042945	5211092755	20060629	20241126
182	fritvalgsdatabasen.dk	3037510	19983032163	20021201	20241104
183	mercedesklub.dk	3028033	12882587212	20060711	20241127
184	dab.dk	3013959	4439434772	19990903	20230519
185	gundersen-as.dk	3006755	1728446827	20191113	20241104
186	langual.org	3002303	8989736809	20070520	20241111
187	bpaulli.dk	2994619	3210842843	20130228	20241103
188	risoe.dk	2992568	7324431026	19961114	20241125
189	tiktokcdn.com	2991175	1295074603	20190308	20241205
190	ebenweb.dk	2984881	5201313274	20070420	20241104
191	sik.dk	2976911	7984002995	20000303	20241115
192	jurawiki.dk	2974499	22229855246	20080422	20241104
193	carolinevej.dk	2973740	11803307694	20140504	20241104
194	janjeppesen.dk	2962447	5464978200	20050621	20210918
195	nettipsforum.dk	2948173	5893784105	20091008	20230425
196	it-experts.dk	2942943	4439670929	20050621	20150313
197	opskrifter.dk	2928848	5323128424	20030123	20241124
198	ahlsell.dk	2925949	3560583312	20010305	20241103
199	oleplannthin.dk	2921919	7122393102	20060303	20241107
200	ungmor.dk	2911637	9794651916	20040507	20241105
201	niflheim-haderslev.dk	2907816	10819004947	20021208	20230919
202	koldfront.dk	2905597	28159033721	20000122	20241106
203	stokerpro.dk	2899137	12286811198	20081203	20241127
204	tracead.com	2886589	463523803	20060625	20240405
205	instagram.com	2877302	15081326652	20110913	20241205
206	danske-dyr.dk	2874646	2812865834	20021207	20241123
207	tfrederiksen.dk	2871473	5834076908	20050621	20241103
208	aabenaalborg.dk	2867084	1618807442	20171013	20241103
209	densjoveside.dk	2865755	6460465224	20080406	20241105
210	udkik.dk	2862401	2257933205	20000108	20241105
211	nordicnet.dk	2843258	4846675901	20010219	20241119
212	wikisilkeborg.dk	2841266	6267352686	20090304	20240703
213	festabc.dk	2837373	7970544109	20020929	20241105
214	comicwiki.dk	2836809	7409175804	20070411	20241104
215	thecamp.dk	2832464	8085309802	20020402	20241111
216	aarhuswiki.dk	2831518	9794422265	20120914	20241128
217	strigler.dk	2822996	20765805211	20060105	20241128
218	starbas.dk	2814856	2149201051	20070622	20210227
219	fangster.dk	2814543	5824713298	20020523	20241129
220	aastrup.de	2813555	11271102835	20051217	20240629
221	trosfrihed.dk	2795179	24548850842	20080917	20241003
222	schroeder.dk	2792371	7455454813	20030611	20241108
223	dhhu.dk	2789407	6695270269	20080406	20241101
224	ihc-user.dk	2785679	7663899475	20070920	20241129
225	ornitfoto.dk	2772891	2387410428	20140120	20241118
226	kultunaut.dk	2767330	21223473411	19970415	20241129
227	soroefamily.dk	2766751	4712124502	20050620	20230422
228	studienet.dk	2764976	6542684743	20000301	20241125
229	123hjemmeside.dk	2761067	8550329042	20031221	20241111
230	twelf.org	2756968	12547982500	20070701	20241004
231	2ja.dk	2748402	19003521006	20070315	20241109
232	agrofoto.dk	2746613	448399578	20060608	20241102
233	biq.dk	2739201	15345128913	20010922	20241102
234	socialdemokratiet.dk	2733785	10889035886	19980127	20241204
235	t3nettet.dk	2729313	10802789791	20050621	20241129
236	netfonds.dk	2725423	5988713045	20090301	20191111
237	harry-jensen.dk	2725116	10106397731	20080417	20241105
238	kofod.dk	2719327	5788242117	20010204	20241105
239	apple.com	2696166	19508408190	20050512	20241201
240	brpedersen.com	2691210	7457258650	20070727	20241106
241	sexlinien.dk	2690687	15518023227	19981202	20241125
242	steenmp.dk	2680347	5953429461	20031228	20241104
243	80.63.11.91	2671402	1081414379	20120806	20160622
244	wadschier.dk	2665224	2860463286	20060108	20241102
245	bessmanns.dk	2665174	4733809567	20090305	20220821
246	pressen.se	2664485	5339101191	20160127	20241107
247	sst.dk	2646247	33972560488	19990528	20241129
248	patach.dk	2644872	12928880450	20080430	20241119
249	bibelsite.com	2643600	7550933395	20110628	20241120
250	parlor.dk	2639837	4681888325	20050622	20241104
251	kriminalhistorie.dk	2635995	3556766719	20140120	20241128
252	jamshog.net	2626162	3199422105	20070513	20231028
253	maduniverset.dk	2625698	9335281560	20000903	20241119
254	googletagmanager.com	2624338	392892902173	20121116	20241205
255	limfjordupdate.dk	2619938	7085439942	20140513	20241117
256	kvindeguiden.dk	2618324	15301989341	20001109	20241106
257	bilmodel.dk	2616295	2854008815	20060630	20241102
258	helsingorleksikon.dk	2615694	9226135777	20080418	20241103
259	rothelund.dk	2611660	1654602863	20120228	20241003
260	bernitt.dk	2609529	4839270243	20100729	20241105
261	tvguide.dk	2606298	8851234704	20010801	20241129
262	rgkk.dk	2602500	3304675371	20010218	20241103
263	fvm.dk	2580967	9720569856	19980120	20241125
264	tractorfan.dk	2571658	825523901	20120821	20241126
265	wordpress.org	2569223	9416887315	20050621	20241126
266	hifi4all.dk	2562749	9323594425	20011212	20241129
267	modzone.dk	2561527	4969048969	20020803	20241005
268	shoporama.dk	2555901	3831784823	20110824	20241126
269	damracing.dk	2550477	3426257027	20020407	20180612
270	nathue.dk	2546830	696085855	20020216	20241103
271	teloos.dk	2546386	7895501917	20080508	20220527
272	nordisk-forum.dk	2543530	25322674958	20041110	20241128
273	rucsdigitaleprojektbibliotek.dk	2543128	9260535609	20050620	20161216
274	googleusercontent.com	2542150	4614494893	20090929	20241205
275	farallon.dk	2537712	10003718573	20040410	20241113
276	wikisource.org	2535645	7641387277	20050910	20241103
277	nakedearsproject.dk	2534364	3040935115	20160121	20241107
278	spjdrpedia.dk	2531775	4142988760	20130518	20241104
279	mednote.dk	2531271	5485214721	20060411	20240118
280	birgitfamily.dk	2529400	6567615244	20110820	20240118
281	rigsarkivet.dk	2528091	5278162564	20070613	20241122
282	sejlerens.com	2523727	3182082764	20050831	20241104
283	skipperposten.dk	2520813	8719692191	20130905	20241102
284	danskforum.net	2512101	20892268405	20090415	20241121
285	nationx.dk	2510329	2198562619	20031018	20210916
286	ribewiki.dk	2505946	5466817945	20090302	20241201
287	b00m.dk	2501631	1542962448	20040413	20240627
288	psychedelia.dk	2495019	19824418036	20001018	20241130
289	alter-eu.org	2491591	10968268284	20070323	20240813
290	picsearch.dk	2457026	1998288793	20060620	20190426
291	enra.dk	2453887	6182685024	20050619	20241103
292	skrivunder.net	2453287	20457009816	20120409	20241204
293	nerds.dk	2445260	24960863318	19981212	20241129
294	notesnet.dk	2443053	5137057823	20011027	20200318
295	selog.dk	2441119	1266448712	20100817	20210918
296	fjern-uv.dk	2435812	4015730811	20050621	20240628
297	holdet.dk	2434926	3468672319	20001203	20241011
298	zerious.dk	2434413	13314290195	20090304	20241110
299	aabo-web.eu	2433824	12373940008	20080407	20241106
300	freewheelers.dk	2422537	3766710712	20051221	20240628
301	familytree.dk	2415685	10254021228	20011104	20241105
302	aegteskabudengraenser.dk	2406272	13235314446	20030701	20241202
303	yggenyk.dk	2406213	18154691406	20080513	20240126
304	recordere.dk	2404358	10769056585	20030408	20241103
305	123nu.dk	2403366	9846710513	20001017	20241130
306	caravelle.dk	2400622	4758249573	20010420	20230424
307	bhannibal.dk	2397183	4130005262	20070331	20241102
308	librarybuildings.info	2394777	3300731611	20090601	20241128
309	jobsearch.dk	2393056	11174579351	20110822	20241102
310	spille-maskiner.dk	2385719	7914746613	20051222	20241103
311	thai-dk.dk	2382058	10455504357	20090722	20241101
312	kaj-wohlert.dk	2379178	2543157859	20171017	20241103
313	sorenbogh.dk	2375424	3495061693	20040220	20150211
314	hojetaastrup.dk	2370890	2656708338	20010201	20241117
315	navisen.dk	2368127	9207759906	20111102	20241205
316	tv2fyn.dk	2362334	9815952717	20000516	20241204
317	audiclub.dk	2358277	28350006412	20051218	20241120
318	borger.dk	2352421	7148322948	20040613	20241122
319	snej.dk	2352171	2452947727	20050621	20240404
320	newspeek.info	2347170	8200028004	20170324	20241204
321	brevduen.dk	2345765	4141753797	19970531	20241127
322	andwebtree.dk	2345687	6727662981	20171114	20240818
323	metroxpress.dk	2335821	14525785352	20011129	20181118
324	svrider.dk	2334674	11256450605	20040211	20241127
325	spigo.dk	2332991	1046376841	20040213	20241101
326	rejmert.dk	2314128	15538407147	20100816	20241104
327	soundcheck.dk	2314002	3395157918	20000915	20241127
328	lynge.com	2301124	3779793388	20060710	20241126
329	akamaihd.net	2299408	210306342194	20101218	20241204
330	lisereidel.dk	2297668	2945214712	20080424	20230808
331	bornibyen.dk	2287067	4105888343	20080402	20241126
332	virtualmanager.com	2280267	4285112427	20080809	20241106
333	geodating.dk	2279867	4050690864	20100812	20231028
334	tv2lorry.dk	2279834	10161935978	20000709	20241103
335	dynen.dk	2267992	4286864527	20040621	20241104
336	sabro-faarup.dk	2265921	8938291761	20070615	20241108
337	hmi-basen.dk	2265605	6515913687	20000706	20241127
338	radikale.net	2264340	10116507700	20071008	20241117
339	kandu.dk	2261561	8922718585	20010223	20241129
340	hbn.dk	2261547	4033310693	20010706	20240420
341	brahde.dk	2258472	10290039521	20000305	20241105
342	skiold.com	2255648	474024469	20060608	20241122
343	mitdrikkevand.dk	2254535	1988652138	20030325	20241121
344	skivebibliotek.dk	2253045	5686274867	20000128	20241101
345	lydmaskinen.dk	2247636	16185533773	20060625	20241130
346	sporti.dk	2240548	5770482061	20040410	20241115
347	effatha.dk	2227907	6608434668	20121103	20241125
348	mfk-falken.dk	2223477	3487293607	20020905	20241127
349	hilleroedmotor.dk	2222626	3263280163	20010303	20241003
350	club-corvette.dk	2214051	7534637302	20000309	20241107
351	dinenielsen.dk	2210152	4056444485	20100810	20241103
352	nordjyskekeramikere.dk	2206908	2303284837	20110322	20241111
353	jonima.dk	2201834	8148442867	20050619	20241126
354	lupo3lklub.dk	2201155	15465735567	20020206	20240222
355	foot.dk	2193411	2647318376	20011008	20241125
356	koes.dk	2188558	847116337	20100224	20241020
357	icenews.is	2186666	10301722870	20050910	20241125
358	kontaktmellemmennesker.dk	2185291	2769951497	20050619	20240522
359	storemorud.dk	2176367	6979285183	20070624	20241117
360	alexandria.dk	2173657	3215585861	20011116	20241113
361	dk-forum.de	2170515	17439207479	20050622	20241104
362	digitalt.tv	2167533	7393731966	20050619	20241126
363	danskemodelbyggere.dk	2167444	9136376305	20090226	20240126
364	faldskaermsklubben.dk	2165119	2587398265	20010205	20240821
365	nielszinck.dk	2157984	1599648495	20140829	20240628
366	skjerbaek.dk	2154724	1620448647	20110326	20241102
367	naturephotos.dk	2153655	3416073718	20091211	20240807
368	selgan.dk	2152471	4758903550	20080503	20230423
369	dbzoo.com	2147471	8525499535	20070414	20241104
370	danskefilm.dk	2144371	3630954156	20000302	20241114
371	villemoes.dk	2144327	2355768465	19980516	20241101
372	aakb.dk	2136201	7331683201	19981201	20241129
373	mbahoops.dk	2129483	6514766428	20010201	20241113
374	julianahodkinson.net	2125243	3068567201	20160619	20241103
375	tjekfodbold.dk	2121981	1054723862	20090728	20170308
376	urlm.dk	2121490	4285796654	20130908	20241122
377	gladbib.dk	2119339	3606676102	20090924	20241101
378	vindrosen-huset.dk	2112823	1655645965	20021211	20241125
379	connectdenmark.com	2109408	3394325296	20050625	20241104
380	rakker.dk	2105418	5890481489	20050620	20230809
381	scandichotels.dk	2103905	3461748975	20080401	20241121
382	tempusserva.dk	2102903	4287452277	20090301	20241128
383	stegemueller.dk	2102284	9404359135	20041205	20241204
384	ordnet.dk	2094805	5506301077	20040129	20241118
385	bentbyg.dk	2092295	1806134988	20020622	20241012
386	gamerhytten.dk	2089048	3156623815	20120819	20241104
387	aftalesystem.dk	2088907	2796572385	20171114	20240118
388	visesangere.dk	2088164	3884750321	20060108	20241129
389	ulfiaarhus.dk	2087814	2878982492	20100823	20241102
390	pilealle53.dk	2080647	408363186	20060629	20200506
391	mreast.dk	2080491	4473014996	20130302	20241205
392	sex-debat.dk	2079505	5933879010	20050620	20241003
393	havenyt.dk	2077257	4299764628	20020323	20241127
394	carlludvig.dk	2075624	4202877080	20050618	20240628
395	imgur.com	2073711	4183352997	20090701	20241205
396	doubleclick.net	2071338	5096667565	20050615	20241120
397	tribalwars.dk	2067209	7384519532	20080510	20241101
398	thegameequation.com	2066298	1509569256	20070528	20240411
399	g2b.dk	2064501	6663567298	20051222	20230425
400	danhostel.dk	2060626	9511378718	19980128	20241126
401	kmerhverv.dk	2059799	1504758644	20171017	20241005
402	bibliotekspenge.dk	2059117	657680540	20070331	20241109
403	slovar.dk	2051172	427222833	20050621	20241110
404	spejderwiki.dk	2049732	7614230624	20050620	20241003
405	dragoerhistorie.dk	2046594	3730608545	20090226	20241102
406	kbhkirken.dk	2046585	1459784736	20080422	20241101
407	spilnyhed.dk	2044219	5326812166	20090615	20241102
408	einar.dk	2043708	2894569879	20040616	20240626
409	visual-prolog.com	2043486	15155208182	20050725	20241103
410	slaegtprojekt.dk	2042493	5278530405	20150604	20241107
411	fiskeristyrelsen.dk	2042278	11668164920	20180522	20241126
412	viisholm.net	2039905	2626651340	20070623	20240209
413	fdftorsted.dk	2037047	3889602828	20090722	20240627
414	pslife.dk	2036105	10613983558	20060630	20241108
415	xn--bibeloversttelser-0rb.dk	2033437	3695714988	20131108	20241109
416	snebang.dk	2030052	1670763149	20150904	20241108
417	biltyv.dk	2028528	1740444597	20040207	20240807
418	andeby.dk	2026997	6459550919	19961219	20241128
419	bullemor.dk	2026868	1242451646	20110322	20241108
420	sif4ever.dk	2024158	5125281912	20010611	20241105
421	wordnet.dk	2021275	1429576391	20050621	20241104
422	aktiwiki.dk	2016466	9356048985	20070322	20241104
423	zwaves.dk	2016033	10302409598	20080514	20241127
424	vagn-chr.dk	2014405	4111440055	20050621	20241104
425	fclarsen.dk	2006498	815416009	20040218	20241103
426	superstats.dk	2001614	5430511065	20100819	20241126
427	brondbysupport.dk	2000823	11397667708	20011227	20241125
428	geofyn.dk	1996165	5730289383	20110821	20241104
429	db.dk	1994723	7310636100	19960510	20241127
430	speek.dk	1994561	1881429464	20060623	20190529
431	barfod-barfoed.dk	1989978	5055581671	20080401	20241111
432	addthis.com	1989524	7319718257	20061201	20241014
433	mamabrown.dk	1988917	2680233845	20150917	20240627
434	black-wolves.com	1987674	13972022207	20050618	20241108
435	kaninforum.dk	1987096	10196671990	20050622	20220824
436	oldtrafford.dk	1984879	9258104280	20030407	20241126
437	adform.net	1982512	8327858080	20050616	20241127
438	bilgalleri.dk	1981055	6965793401	20021001	20241129
439	usercontent.one	1980837	75379681572	20191228	20241205
440	foaa.dk	1977831	3469902988	20100811	20241107
441	familierod.dk	1973786	3548215972	20151114	20241117
442	palby.dk	1971884	11166090287	20010309	20241129
443	antikvariat.net	1964269	4987468235	19991210	20241128
444	sy-cassiopeia.dk	1962406	388827026	20050621	20220823
445	spotify.com	1961828	2022573389	20071121	20241205
446	vejlewiki.dk	1958597	6265111763	20100823	20240628
447	street2house.dk	1956068	1153222378	20170324	20231122
448	jbrinck.dk	1955686	1584019293	20070513	20241114
449	digg.com	1955033	1560456847	20050621	20241126
450	tvmidtvest.dk	1951566	9985714329	20000117	20241204
451	lectio.dk	1946610	10355358000	20030805	20241105
452	feline.dk	1941388	8327180079	20010618	20241112
453	backpackerplanet.dk	1940673	5773961601	20030210	20241116
454	wigped.dk	1940502	2805513425	20140507	20241103
455	plowsen.dk	1940139	4243391959	20050620	20241103
456	norgesvej12a.dk	1935861	3413269191	20090302	20241103
457	warehousefinder.dk	1935622	3224895037	20090728	20150901
458	ds.dk	1931300	7081258525	19961223	20241128
459	peterkroman.dk	1930821	7392694702	20110325	20241121
460	byrumgaard.dk	1922450	2598815602	20050618	20241107
461	lindenberg.dk	1920505	1379452978	20000116	20220603
462	saltvandswiki.dk	1919008	3670783309	20081125	20241108
463	infowish.dk	1917692	4499739476	20010302	20241101
464	labitat.dk	1913806	4321372075	20090724	20241127
465	ens.dk	1912379	37732002881	19961219	20241127
466	ter.dk	1911755	2393895178	20010223	20200829
467	livetiming.dk	1901200	26492436981	20080417	20241104
468	igp.dk	1900817	3169265773	20010815	20240404
469	kalkarsordbog.dk	1900066	4438995959	20171017	20241106
470	motorsporten.dk	1897160	5717525885	20010223	20241123
471	i-danmark.dk	1896412	2781553842	20020809	20241004
472	smugmug.com	1890977	28395188406	20050911	20241201
473	web-ydelser.dk	1888946	6090732352	20050621	20140205
474	k10.dk	1888684	5905765832	20041224	20241010
475	krimiwiki.dk	1886912	5323226143	20090228	20241004
476	linuxin.dk	1885299	8008686340	20020216	20240302
477	24.dk	1884463	12047777388	20010310	20130504
478	nicoline1852.dk	1883875	2758033383	20080428	20240809
479	snyd.dk	1883010	8560036364	20000304	20241117
480	skjot.dk	1881864	1869101490	20050620	20241009
481	powerforum.dk	1881804	6591327389	20060621	20241104
482	bismarck-class-forum.dk	1875120	3913757284	20070308	20200409
483	henrikpontoppidan.dk	1874154	11732791648	20000914	20241104
484	blogger.com	1872037	12877289433	20050615	20241128
485	fuursamlingen.dk	1871719	3382557647	20111102	20241111
486	jstigel.dk	1871012	14886529417	20151115	20241109
487	ddoo.dk	1869739	3172838472	20040228	20241113
488	boganmeldelse.com	1869506	3196129323	20050618	20201011
489	strikeforce.dk	1869390	5305155403	20010503	20241127
490	e23.dk	1869325	6843049109	20090226	20241128
491	nelso.dk	1869181	1792975856	20080406	20241011
492	stinestregen.dk	1867936	11941472500	20090302	20241104
493	connectortrade.dk	1867418	2560222210	20190128	20241107
494	sportsbox.com	1862561	1908822955	20061023	20241011
495	martinuswiki.dk	1860582	3225886889	20160620	20241118
496	alatest.dk	1858914	890353907	20060627	20241103
497	voreskolonihaver.dk	1853467	4478214774	20090304	20191125
498	onlinecasting.dk	1849435	2480040482	20021008	20241117
499	knallertforum.dk	1848700	19998081057	20111103	20241106
500	kjukken.dk	1847490	2553461376	20010607	20241105
501	pokernet.dk	1843019	12889126940	20020405	20241127
502	fihu.dk	1841037	6159292709	20111102	20241105
503	hltv.org	1839258	19404790935	20050619	20241205
504	nemtagberegning.dk	1838334	2177187978	20090725	20210402
505	ovz.dk	1838224	2880883869	20131110	20241117
506	arloese.dk	1836065	4463658137	20051217	20241117
507	stamps.dk	1835676	6513853452	20000202	20241127
508	afd1.dk	1833375	1155010342	20171114	20241101
509	5erbmw.dk	1830942	7768972017	20160607	20241103
510	jyskeslaegter.dk	1830037	492015424	20110330	20241116
511	mothsordbog.dk	1829412	3490731405	20131109	20241104
512	tidsskrift.dk	1829288	12651818662	20080509	20241118
513	mivz.dk	1829015	1394051981	20080508	20200117
514	xn--mllnitz-q1a.dk	1827392	3342472917	20090227	20241112
515	viggapedia.dk	1824012	5565455380	20130908	20241003
516	datarum.dk	1819520	4302894110	20090226	20151114
517	annelisedemant.dk	1818479	3781009396	20051217	20200823
518	stepstone.dk	1817772	11992089204	20000830	20241205
519	siglev.net	1815189	3413501855	20070619	20241104
520	holbaek.dk	1811801	9556095373	20000226	20241126
521	mindet.dk	1807741	6358800945	20001206	20241103
522	king.com	1804454	5583327645	20051217	20241012
523	gg-blokhus.dk	1803897	712784789	20040303	20240628
524	bennetsen.dk	1803274	3241029666	20010124	20240626
525	holbergordbog.dk	1803268	4169360056	20110821	20241104
526	mutterne.dk	1802983	8757512651	20021024	20241104
527	danskfodbold.com	1802164	4769338502	20080502	20241105
528	chruker.dk	1799822	3989103511	20020109	20241102
529	katteforum.dk	1799133	4254191920	20001017	20241103
530	fabbo.dk	1796650	2203069779	20001206	20241102
531	klikpost.dk	1791783	2486613719	20070828	20241005
532	jannejacobsen.dk	1790882	3419392623	20080421	20241104
533	magle.dk	1790722	5840901019	20000303	20241127
534	hunde-forum.dk	1789602	8088776912	20060302	20241129
535	ordbogen.com	1787732	11334878333	20050619	20241119
536	urbanblog.dk	1786559	9671559842	20060425	20200523
537	gostrik.dk	1786202	2109031179	20100215	20160920
538	ishoejlokalhistorisk.dk	1783749	5999213424	20080421	20241202
539	dk-kogebogen.dk	1781510	4831177353	20011011	20241118
540	vertikal.dk	1780844	3293981389	20000915	20241127
541	germangames.dk	1779533	12658267217	20041014	20241103
542	rockfreaks.net	1773065	5699659112	20070613	20230823
543	kogama.com	1771251	1541746351	20111203	20241111
544	focus-lighting.dk	1769993	3821077876	20010331	20241113
545	haandbrygforum.dk	1769197	12022721417	20060615	20240412
546	veteranposten.dk	1768318	1048160718	20050621	20241127
547	fmx.dk	1767146	2205456704	20020223	20241105
548	krbk.dk	1765799	3576216649	20001019	20220526
549	at-modelbiler.dk	1764547	3128913483	20141127	20241011
550	ryfotoklub.dk	1764322	1824754369	20110823	20240816
551	kranliste.dk	1759726	1387410101	20040820	20241116
552	muks.dk	1758434	4451010929	20110324	20241011
553	n-elev.dk	1757071	333729057	20050620	20241126
554	wellness-group.dk	1755698	2870393307	20050621	20140827
555	lomborg.com	1753922	10399680642	20050910	20241101
556	byggepladen.dk	1751874	4774323624	20030907	20230424
557	fredsakademiet.dk	1751788	2832348111	20021210	20241129
558	seneste-nyheder.eu	1751563	20886463625	20171121	20210918
559	faa3tilbudonline.dk	1750310	3856319341	20161202	20240705
560	kanasta.dk	1748603	5926292072	20070515	20241102
561	hansens-family.dk	1747606	2832070290	20060615	20241104
562	bibelweb.dk	1747465	2782048497	20080402	20230125
563	jurabibliotek.dk	1744019	5534400036	20190130	20241127
564	poloniainfo.dk	1742980	8298026612	20080430	20241111
565	vagcars.dk	1742699	11495345646	20010518	20241129
566	famrolf.dk	1742588	1452208684	20120819	20241112
567	csdb.dk	1742121	4793219334	20100210	20241104
568	bodybuilding.dk	1738861	15955654564	20020604	20241011
569	natureeyes.dk	1738135	1767872588	20030711	20241130
570	stockimages.dk	1736379	19924253664	20060630	20180520
571	brabrandwhisky.dk	1732804	3159658870	20120507	20241104
572	anyhed.dk	1731726	8054825272	20080331	20241124
573	netsundhedsplejerske.dk	1730235	11915593623	20021123	20241106
574	dindebat.dk	1727188	8988839531	20050619	20241127
575	roskildebib.dk	1723572	11986755092	19970101	20241127
576	bike-berlin-copenhagen.com	1721156	1923486559	20070331	20240629
577	dingeo.dk	1718960	8229533374	20130905	20241112
578	poul-herdis.dk	1718564	1906495617	20050621	20241119
579	aarhushavkajakklub.dk	1718391	1967069208	20030824	20241101
580	dnlb.dk	1717988	978785238	19961102	20131121
581	ditoverblik.dk	1715719	7045794522	20050619	20241204
582	espressobar.dk	1715448	7005645635	20080405	20241125
583	lederliv.dk	1714006	2409909177	20160922	20240705
584	nyrupjulepost.dk	1713517	4407402408	20050620	20241117
585	villestofte.dk	1711475	2031977687	20030430	20240626
586	morethanaclub.dk	1704064	8633109332	20070424	20241201
587	kofoed-svendsen.dk	1703317	2846445386	20120819	20240119
588	food4u.dk	1702148	1941399133	20010208	20230604
589	livescore.dk	1701975	3683812401	20011217	20241103
590	billetto.dk	1701135	7922349133	20100209	20241129
591	kajj.dk	1700562	2954403007	20040109	20241106
592	quiz-battle-svar.dk	1698125	927718965	20130303	20210924
593	oz2zj.dk	1698098	948359895	20060620	20230130
594	ofir.dk	1694289	16214631439	20001109	20241129
595	sunddebat.com	1693165	5867241737	20051115	20241126
596	antikabc.dk	1692330	3595009676	20020928	20241125
597	loong.dk	1692297	2177993544	20090724	20241117
598	faa3tilbudher.dk	1683457	5138079047	20161202	20240705
599	psyke-sex.dk	1677825	11318313964	20010720	20241102
600	timecenter.dk	1676808	5395846892	20160607	20241106
601	n-club.dk	1673336	9082978326	20030222	20241101
602	andersaner.dk	1672682	9668116188	20161129	20241124
603	riffeljagt.com	1672481	13084075800	20050724	20241118
604	studsgaard.eu	1671396	1770199652	20061027	20241104
605	phaseone.com	1669574	7888252292	20050619	20241119
606	bizreport.com	1668866	9767384550	20050619	20241101
607	opendi.dk	1668442	2379968331	20100206	20240412
608	trionexoe.dk	1667744	2942447367	20010401	20241010
609	philm.dk	1667635	3393893241	20010302	20241004
610	hhenne.dk	1665546	2941649640	20031125	20221107
611	altomboern.dk	1664810	7546587914	20090730	20241125
612	rejser-info.dk	1663313	5940107569	20130303	20241126
613	uchi.dk	1663290	4611076035	20031030	20160624
614	faatilbudnu.dk	1662706	2845017284	20161202	20240705
615	om.org	1662218	10395905282	20060312	20241127
616	dsu.dk	1659776	8426550812	19961219	20200821
617	bfzoneterapi.dk	1651544	1783028613	20090305	20180826
618	mikkelskov.dk	1647376	2683081769	20010516	20200821
619	heavymetal.dk	1645668	11246319472	20010302	20241124
620	moovy.dk	1645665	3133626523	20140829	20241128
621	e-conomic.com	1645648	2494066783	20061125	20241127
622	ressel.dk	1645440	3369421636	20040630	20241128
623	fklub.dk	1645010	2880824823	20090227	20241126
624	bennyhoej.dk	1643675	2854355978	20140827	20241012
625	mobil-forum.dk	1639955	6006477395	20010414	20240512
626	feedburner.com	1635808	9678061452	20050616	20241128
627	oesteuropastudier.dk	1635467	3863306470	20110825	20241119
628	geeklabs.dk	1635067	2096453811	20141129	20220916
629	printerpatroner.dk	1632007	9604962827	20030206	20241129
630	bbc.co.uk	1630884	6246486122	19990427	20241129
631	sylvestlauridsen.dk	1630688	2193585351	20090303	20240118
632	nspop.dk	1629182	7167299742	20120509	20241106
633	jyskebank.tv	1628007	3552515008	20081004	20241113
634	bedoemmelse.dk	1627355	4881455354	20060609	20241103
635	thailand-portalen.dk	1626735	10027557939	20100819	20241202
636	graenseforeningen.dk	1625932	6553957521	20000518	20241204
637	familien-jonesen.dk	1623692	13342809466	20050619	20241104
638	genseiryu.com	1621856	2251722411	20050724	20241130
639	fmfotos.dk	1621102	2939114618	20171016	20241106
640	net-frim.dk	1620826	1039979438	20020328	20241102
641	madsmatik.dk	1619568	1944079081	20121106	20241110
642	playright.dk	1618873	7348474712	20030409	20241128
643	boligdeal.dk	1617956	11755638266	20120818	20241106
644	dzornig.dk	1617081	781492602	20080407	20241110
645	familien-wallin.dk	1616890	951261356	20120507	20190129
646	mobildebat.dk	1615919	5389980495	20001208	20190903
647	selleri.de	1615391	10806633310	20071025	20241127
648	vetfokus.dk	1615096	8970091354	20150605	20241111
649	tv2.no	1613056	10815140475	19991004	20241127
650	sandbanken.dk	1611279	1829814574	20020928	20241102
651	uriasposten.net	1610836	23854407845	20050621	20241010
652	bee-line.dk	1606555	2674995990	19981201	20241104
653	pallesgavebod.dk	1603134	3677224691	20010922	20160616
654	hannet.dk	1601007	2329902251	20070504	20241129
655	sonderborgnyt.dk	1597401	9545285155	20170412	20241204
656	justgirls.dk	1597214	1216950827	20070515	20180521
657	tactic.net	1595839	5018575923	20050918	20241010
658	tv2ostjylland.dk	1594640	14631655737	20080510	20241204
659	sol.dk	1593537	5590473227	19981201	20241112
660	uber1337.dk	1592221	4649074477	20060107	20241104
661	iysik.com	1592049	2072163692	20070513	20241004
662	kreutzer.dk	1588900	6052321896	20000303	20241121
663	aalborgbibliotekerne.dk	1587380	5288505975	20070317	20241128
664	codan.com	1585127	4713151956	20060317	20241106
665	matfystutor.dk	1584978	4905314410	20121106	20241119
666	e-bachmann.dk	1584775	1593818592	19981212	20241103
667	5taarnsmotion.dk	1583267	13970549813	20090920	20241104
668	webackpack.dk	1582868	2388109524	20130908	20241107
669	peugeotclub.dk	1576954	3617867878	20000309	20241127
670	ventoux.dk	1576715	4481982355	20010306	20241127
671	radioassistant.com	1576451	4824507956	20060103	20210721
672	enricodalgas.dk	1574767	209460008	20130301	20241101
673	jmarcussen.dk	1574093	3045327530	20040220	20240218
674	naestvedfrimaerkeklub.dk	1573193	3110539893	20160121	20241104
675	billundbib.dk	1573167	3526908043	20070303	20241101
676	velling-vvs.dk	1572637	3919193685	20050710	20241123
677	svindinge.dk	1572553	1953958661	20001017	20241128
678	dykkerklubbenbunden.dk	1572423	17103919325	20080407	20240302
679	kaj-ahlburg.dk	1571069	4016893222	20090724	20240627
680	davidmus.dk	1570997	2268994424	20010124	20241106
681	pld-linux.org	1568516	13931154831	20070822	20201021
682	filmogtro.dk	1568506	9100530779	20060710	20241108
683	myspace.com	1567783	9192924834	20050622	20241127
684	itoptimum.dk	1567015	1177748770	20021206	20231014
685	calum.eu	1566687	3061799174	20070408	20241121
686	norddjursbib.dk	1566338	3287033236	20080428	20241101
687	hi-speed.dk	1564477	9724756905	19990508	20241127
688	bioguiden.dk	1564467	34052099023	20031121	20241101
689	3-tilbudnu.dk	1564028	4807772807	20161129	20240705
690	aasimon.org	1561522	3572793785	20051217	20241103
691	designview.dk	1560516	505656650	20021122	20130304
692	jphist.dk	1558545	4198753511	20090228	20241101
693	avc.dk	1558307	4320872753	20000826	20241103
694	hareskovhistorie.dk	1555326	1120331714	20080417	20241102
695	circostancia.dk	1548622	1407078873	20090226	20240628
696	saltvandsforum.dk	1548573	16662298364	20040606	20221201
697	ev-soft.dk	1547040	2608029741	20140504	20241003
698	musik-videos.dk	1546594	3429033134	20080417	20151004
699	hadsundroklub.dk	1545579	774137639	20010303	20240905
700	fh-v.dk	1543903	1569379199	20161202	20241106
701	astro-forum.dk	1543412	6228223302	20080331	20200428
702	vhbib.dk	1543229	3338817835	20100208	20241011
703	lej-en-bil-online.dk	1539220	3704202119	20170323	20220526
704	dfsa.dk	1538766	5567367481	20010802	20241028
705	sysoon.dk	1538487	5182457422	20070625	20240627
706	hestegalleri.dk	1536078	6371814685	20031204	20241128
707	presse-fotos.dk	1534444	10248244146	20130517	20241120
708	fynskebilleder.dk	1533175	2199225835	20090227	20241104
709	spiludvikling.dk	1532830	10236665506	20030122	20241129
710	hundiegaard.dk	1528499	4182811535	20030410	20241104
711	saxobank.com	1526539	4994229679	20050616	20241102
712	clarin.dk	1525139	10985888044	20110323	20241101
713	saabklubdanmark.dk	1523962	10937994012	20000511	20241108
714	kalliope.org	1523560	3688028597	20050707	20241115
715	lisg.dk	1523212	9037234013	20000511	20241011
716	malleforum.dk	1522462	4395883575	20040830	20191001
717	danmorehobby.dk	1521441	2503678221	20040213	20241110
718	zalando.dk	1517029	8412853629	20100823	20241126
719	jensviggos.dk	1515297	3021861611	20110826	20241104
720	sugarsticks.dk	1511961	11003804912	20180117	20241126
721	mat-didaktik.dk	1511776	1142656347	20180831	20241102
722	olderne.dk	1511242	4389464614	20130517	20241124
723	skiset.dk	1509956	3772757495	20040128	20241126
724	initio.dk	1507669	1825562279	20030816	20240629
725	oelstykke-fotoklub.dk	1505487	3731734391	20060221	20241101
726	pureinfo.dk	1505204	9945941020	20060115	20171115
727	statistikbanken.dk	1504748	4107399948	20000302	20241127
728	cadforum.dk	1504121	3800959795	20001101	20180825
729	casinolisten.com	1503465	1765138196	20050723	20241122
730	ekurser.nu	1502667	2539865220	20120507	20241102
731	billigbiludlejningonline.dk	1502473	3662824502	20170309	20220526
732	hot.dk	1502272	3194116911	20030718	20210918
733	find-billeje-online.dk	1502238	2617305843	20170310	20220822
734	turandot.dk	1501962	2541176191	20080510	20241106
735	nordstamp.dk	1501429	1267938245	20010205	20210125
736	frank-larsen.dk	1499874	385313335	20060615	20241103
737	wikibooks.org	1498929	3979534789	20050910	20241116
738	gudhjemarkiv.dk	1496066	3226004916	20110329	20241105
739	netic.dk	1495701	2993861530	20021130	20241105
740	virksundlyst.dk	1492270	5564303182	20060626	20241104
741	navnebetydning.dk	1490698	5971312860	20080428	20241118
742	diablo3x.dk	1490590	11671627483	20090226	20241103
743	egedalbibliotekerne.dk	1489935	10335922369	20070303	20241101
744	kunstbutikken.dk	1489818	2816859512	20030724	20241114
745	wikzo.com	1489629	16191575432	20090504	20241104
746	ebuy.dk	1489214	1855306399	20000302	20241125
747	bridge.dk	1487588	4755749372	19981201	20241126
748	fsonline.dk	1485573	6838128524	20060615	20241011
749	gyldendal.dk	1485480	8696058308	19980131	20241129
750	melfar.dk	1485094	3807930309	19981203	20241104
751	envoy.dk	1478482	2635669836	20001215	20180521
752	generals.dk	1478447	1031177148	20010208	20241127
753	widestat.dk	1476629	3494454974	20160625	20240404
754	diabete.fr	1475986	1802220066	20070417	20241103
755	gerdalogy.dk	1474534	6789243914	20160120	20240118
756	foto9300.dk	1474037	3066383846	20150603	20241101
757	gammeldanskordbog.dk	1473087	3191197983	20090227	20241104
758	lokalshop.dk	1472963	1084475308	20000110	20190307
759	valsemollen.dk	1472668	2548659725	20010623	20241115
760	eniro.dk	1471916	3319603361	20010124	20240905
761	ftnet.dk	1468066	5287684907	19980219	20140323
762	wikiquote.org	1467958	3697733241	20050910	20241122
763	gaming.dk	1466471	3768320731	19991127	20241103
764	baadtyv.dk	1465162	1200257772	20020120	20240818
765	streetclassics.net	1465100	18690402279	20060105	20230804
766	findbogen.dk	1464674	2075883452	20070425	20241105
767	photoria.dk	1464484	491025624	20080430	20190625
768	motorcykelgalleri.dk	1463600	5046045662	20031214	20241202
769	retardo.dk	1462600	1764927195	20080501	20241126
770	turister.dk	1462327	1422457847	20090303	20240626
771	findbiludlejningfirma.dk	1461311	3048682365	20170310	20220221
772	wheels.dk	1461145	1458587904	19990918	20241103
773	fk-stokholm.dk	1459766	2698713217	20070605	20241104
774	mynewsdesk.com	1458896	6763417394	20091020	20241203
775	smykkefremstilling.dk	1458293	2643148699	20000915	20210304
776	retmig.dk	1457928	5326718365	20161208	20241115
777	u-landsnyt.dk	1456963	8305456577	20021223	20241123
778	dcbib.dk	1456143	4458360427	19980611	20241115
779	stoneplace.dk	1453101	8522844249	20011213	20241104
780	fortiva.dk	1450877	1099410950	20140119	20241103
781	citronik.dk	1447245	2959237538	20051219	20190126
782	dfp.dk	1447173	663724766	20000312	20240628
783	hartvig-olsen.dk	1444824	2623718053	20060615	20241103
784	netfugl.dk	1442977	8207925689	20021029	20241127
785	newtec.com	1442777	1373453533	20070601	20241118
786	club300.dk	1440072	5738656370	20120304	20241104
787	in7.dk	1439860	1434535326	20140828	20241115
788	newgear.net	1438979	5489730930	20050705	20241101
789	karen-mette.dk	1438362	899522234	20030413	20241115
790	aulum.dk	1437439	2057320297	20010306	20241109
791	kirkeaabner.dk	1436573	2363944505	20200824	20241102
792	nerdcon.dk	1435901	3323121026	20010124	20241128
793	gribskovbib.dk	1435613	4699733480	20120508	20241101
794	electrobeat.dk	1435068	1596777942	20041212	20241126
795	mtv.dk	1434509	3983018753	19970416	20241011
796	ubuntudanmark.dk	1434375	7546373020	20070308	20241128
797	drikkeabc.dk	1431849	3933194725	20051217	20241104
798	zibet.net	1428482	789335037	20060305	20241107
799	blazar.dk	1426507	4411975887	20161130	20241205
800	3tilbudnu.dk	1425533	5960545194	20160914	20240812
801	formatartspace.dk	1424781	1244804714	20130515	20241103
802	sidelinien.dk	1423925	9790495953	20050620	20241126
803	fototosserne.dk	1423378	1192476881	20171016	20240206
804	frivilligcentret.dk	1423159	1182320612	20030426	20241105
805	heatpump.dk	1422697	4542967088	20060211	20241126
806	anmeld-haandvaerker.dk	1421849	5849213743	20060608	20241127
807	keywordz.dk	1421742	3783783222	20170323	20241127
808	madopskrifter.nu	1421294	14208308521	20060210	20241105
809	finduro.dk	1420900	1204663306	20150124	20241114
810	find-relation.dk	1418850	2283981305	20040208	20241125
811	smykkeforumforalle.dk	1418838	5718531098	20090304	20241127
812	xn--dinslgt-qxa.dk	1418058	1274901923	20110821	20241111
813	menzi.dk	1417290	1022570762	20060102	20241103
814	gf-hejmdal.dk	1417109	505114213	20080416	20241102
815	jobbank.dk	1415496	6453471913	20000229	20241124
816	personligenoglering.dk	1414634	410507460	20210304	20241102
817	jobzonen.dk	1413854	4118405732	19981212	20181204
818	laursennetgen.dk	1413740	2649850618	20171119	20241102
819	lenekottal.dk	1413711	1762236197	20090228	20241007
820	naturplan.dk	1412349	1051192773	20011105	20241118
821	famcarlsen.dk	1412039	2507078599	20110821	20241003
822	krigeren.dk	1412032	4907039607	20010219	20241128
823	vildbabel.dk	1411583	1599717701	20011121	20241106
824	realmaeglerne.dk	1409504	3056793816	20000114	20241118
825	celium.dk	1408356	560834979	20150603	20220328
826	jarkgroup.dk	1405953	1434202540	20100813	20241103
827	nihskema.dk	1404810	1763749259	20090302	20160121
828	aabaf1885.dk	1403530	1496899743	20080408	20241107
829	everycar.dk	1401351	2866137555	20120224	20241011
830	vix.dk	1400735	2583579535	20010611	20230422
831	citroenforum.dk	1399151	6722141103	20171014	20241104
832	woodturning.dk	1398146	8587395055	20080422	20241126
833	netmarsvin.dk	1396850	1361282864	20030611	20241126
834	debianguiden.dk	1396388	4151185374	20020328	20230822
835	aalborgkfumfodbold.dk	1396067	1338008498	20050618	20241101
836	lyrikken.dk	1396059	2158454152	20090301	20240120
837	gulex.dk	1392146	5345743895	20070402	20241016
838	mastingallery.net	1390641	1893483738	20070821	20241103
839	ferienhausseite-daenemark.de	1390480	6588753973	20051228	20241113
840	rdb.dk	1388576	3116099748	20000408	20241101
841	eurogamer.dk	1387743	2797243704	20070423	20230203
842	bornholmshjemstavnsforening.dk	1387426	2302549463	20050619	20240819
843	levbornholm.dk	1387147	1229614052	20170323	20240811
844	od.dk	1386392	7102825627	19980209	20241125
845	dof-bornholm.dk	1386327	1067830909	20090116	20240806
846	navnesnak.dk	1385549	4406571808	20080428	20241006
847	smrk.dk	1384017	1304296651	20021210	20241116
848	knabstrup-skytteforening.dk	1383793	3226124214	20160619	20241101
849	esla.dk	1383693	4382754572	20070423	20241105
850	airsoftzone.dk	1383437	9275315992	20020408	20240520
851	djernaes.dk	1381804	871801135	19981201	20241111
852	itst.dk	1380687	6444235335	20020409	20220711
853	musik4sale.dk	1379374	2214866404	20021111	20240704
854	skiworld.dk	1379360	3698550654	20070824	20210915
855	sdrborkforsamlingshus.dk	1378754	1131604154	20150904	20241110
856	byogbolig.dk	1377980	1541380106	20010405	20241012
857	andreord.dk	1376605	911517152	20091112	20241011
858	vejviserfyn.dk	1376424	1058826675	20070427	20210227
859	superdebat.dk	1376229	7895500683	20140506	20241103
860	city-map.dk	1375817	2574666578	20010625	20241101
861	styrke.dk	1373401	6255397182	20001018	20241117
862	dk4.dk	1372697	2844081752	20001017	20241118
863	localeyes.dk	1372417	7187796837	19990908	20241205
864	steampunk.dk	1371352	9597837548	20090727	20241126
865	maritime.direct	1369178	4015528704	20201211	20241205
866	mobilnyt.dk	1369055	5063443861	20030328	20241101
867	waffehus.dk	1368172	4383730519	20080512	20241101
868	komogvind.dk	1367441	3096430549	20001109	20241125
869	3-tilbudonline.dk	1365521	3799840115	20161129	20240902
870	nforn.dk	1365052	1419264406	20050621	20241127
871	lektieplan.dk	1362605	567443118	20070521	20241011
872	sports-gaming.dk	1362495	4928202411	20130518	20241128
873	energy10.dk	1362210	2508619383	20120223	20241125
874	w123forum.dk	1361150	3120294323	20090304	20200821
875	klosterkaelderen.com	1360288	9622475249	20090228	20241104
876	jlm-media.dk	1360012	703150207	20120819	20240630
877	seismograf.org	1359805	3267204243	20071008	20241126
878	the-west.dk	1357422	4259004056	20080508	20230202
879	ergomat.com	1356841	4553122898	20100510	20241104
880	hbold.dk	1356326	4705046015	20080418	20241109
881	find-relation.com	1356280	1845200508	20070426	20241004
882	danskfilmogteater.dk	1348183	2719659039	20070414	20241126
883	directmap.dk	1347632	4701232773	20160917	20231031
884	holmnielsen.dk	1347263	10461036370	20010502	20241102
885	rosenposten.dk	1346758	1982139378	20000511	20241128
886	linuxhjaelp.dk	1345343	2327970095	20050620	20130602
887	glamm.dk	1344801	2761896026	20060702	20180828
888	rahbekguitars.com	1344264	1628814617	20061207	20241127
889	jh-import.dk	1342968	611804949	20010301	20241125
890	unprofor.dk	1342921	1616585055	20010817	20241122
891	danskemarked.dk	1340508	2620714761	20020812	20241128
892	seedthecommunity.org	1339851	5561105451	20090727	20241005
893	infoko.dk	1338707	770387576	20000304	20240626
894	servicestyrelsen.dk	1337572	3940219083	20030716	20180307
895	leoparddrengen.dk	1336728	15779611605	20100205	20241106
896	vinoversigten.dk	1335002	1938624328	20011028	20240227
897	landbobanken.dk	1333488	4610050020	19981206	20241127
898	skjoedby.dk	1332333	886290982	20100817	20241117
899	smorum-auto.dk	1331753	1652626691	20040319	20190901
900	3dgame.dk	1331720	2810226627	20031118	20241117
901	modeltraktorklubben.dk	1331488	1151845077	20070529	20241101
902	filmnet.dk	1331036	3154010839	20030608	20230912
903	minjyskeslaegt.dk	1330684	13267182286	20031011	20241126
904	afterdawn.dk	1330203	11874286639	20110820	20220919
905	martinus.dk	1328962	3920131788	20000114	20241103
906	klcviborg.dk	1328066	1707003818	20160615	20241128
907	coolwebsites.dk	1327898	893045691	20020408	20150125
908	hennystewart.com	1327650	403287463	20050621	20200821
909	tele.dk	1326613	3243492795	19961102	20190202
910	olhus.dk	1326433	5049789351	20001017	20241108
911	npinvestor.dk	1323262	5590381041	20090303	20241201
912	tweak.dk	1322954	9389525337	20010411	20241127
913	firmalisten.dk	1322737	10019030180	20090722	20241101
914	butikpink.dk	1322643	596379234	20080403	20210411
915	masterstudies.dk	1321175	4544882205	20090724	20241103
916	lyngbybib.dk	1320885	6321576079	20000302	20241126
917	orgprints.org	1319982	7717695240	20050619	20241101
918	netleksikon.dk	1319868	2342828049	20040915	20241127
919	bryllup.dk	1317917	4452341125	20000229	20241102
920	nummerpladeregister.dk	1317899	970209348	20180525	20241110
921	jeglavermad.dk	1317447	4659749024	20090228	20241102
922	nemtilmeld.dk	1316874	4877969360	20120229	20241127
923	popgen.dk	1315596	5509766438	20111104	20240627
924	givskudzoo.dk	1315457	1114793419	19981205	20241119
925	geekculture.dk	1315289	6135961270	20000511	20241129
926	frederikshavnsejlklub.dk	1310877	5082521873	20010418	20230516
927	gratis-sexnoveller.dk	1310830	15992993795	20111102	20241201
928	hms.dk	1310443	2625102632	19990918	20241102
929	nordnet.dk	1309947	6829301933	19981202	20241127
930	virtuelgalathea3.dk	1309760	2389549887	20070704	20241126
931	5eren.dk	1308523	1340801387	20020212	20240127
932	bwfoto.dk	1307739	720376054	20010710	20241011
933	stokerforum.dk	1306349	8270707128	20060630	20241101
934	kelda.dk	1305551	2386692975	20090228	20241107
935	myldretid.dk	1305289	14106115052	20000918	20241011
936	jobatlas.dk	1302461	5465724717	20120508	20241103
937	euabc.com	1302317	1900671829	20050624	20241112
938	boconcept.com	1301219	4457313470	20050901	20241105
939	nygaards-sedler.dk	1301175	8786438071	20090302	20241109
940	bogtorvet.net	1299766	2633292192	20070320	20241105
941	oes-cs.dk	1299559	11777488045	19980423	20240905
942	kongsbak.com	1299389	1610564311	20070316	20241007
943	bandsoftomorrow.com	1298062	4288754060	20100330	20241120
944	outsen.dk	1297419	1026217468	20040103	20241119
945	bennyeandersen.dk	1295887	831821786	20130228	20241127
946	vendsysselwiki.dk	1295831	3690384590	20140119	20241107
947	danfoss.com	1295539	6238005401	19970527	20241128
948	nesim.dk	1295479	7165724491	20091211	20241104
949	bornholmstidende.dk	1295424	7215540150	19980423	20161129
950	shopify.com	1294224	66413280546	20070302	20241204
951	opelpower.dk	1294138	7580903254	20010222	20241011
952	smykkeforum.dk	1293877	5609472118	20101224	20241011
953	drabib.dk	1291315	5347583163	20130301	20241101
954	scootergalleri.dk	1290220	4236897288	20030715	20241112
955	perldoc.pl	1289861	18716044331	20060430	20230511
956	uni-c.dk	1289549	3372804901	19960510	20241031
957	heartbeats.dk	1289223	13122528082	20070505	20241204
958	textmap.dk	1288592	1466362800	20180527	20231030
959	mitti.se	1286880	660934578	20050620	20240322
960	ezz.dk	1286194	5381678705	20100811	20241011
961	troug.dk	1285975	2638494699	20140121	20241108
962	heslou.dk	1285435	702276400	20070508	20241104
963	testrupelev.dk	1284810	2018527633	20020705	20241101
964	gernerthomsen.dk	1284704	556357303	20080416	20241113
965	sciencenyt.dk	1282974	749180419	20100512	20241011
966	fishattack.dk	1282602	8889367	20080515	20181030
967	vaegttab.nu	1281717	2164559673	20110630	20240629
968	nextlibrary.net	1281427	5910339192	20090228	20241102
969	rprhosting.dk	1280451	1343864393	20060616	20160609
970	horsensleksikon.dk	1279080	4671900710	20090720	20241107
971	uhlsport.com	1277269	1645963978	20050723	20240811
972	skoven-i-skolen.dk	1277255	5053452364	20000902	20241126
973	finnholbek.dk	1276502	4556058974	20060612	20241117
974	fotomalia.dk	1276379	3510478051	20060613	20241114
975	playmillion.dk	1273901	2109366216	20120229	20241205
976	fredenslyst.dk	1271782	1552273018	20030809	20240627
977	weekendophold.dk	1271110	4777482765	20010224	20241102
978	chart.dk	1271003	2926868492	19990918	20241123
979	udoglaer.dk	1269068	694003059	20160625	20240812
980	kino.dk	1268604	6794643938	20031012	20241130
981	biblia.fo	1267485	7217708773	20080424	20241102
982	kiaklub.dk	1267422	7339132548	20070306	20240705
983	goldentime.dk	1267237	2922510817	20100812	20241106
984	kickbokser.dk	1265689	1636905422	20180114	20221205
985	saxis.dk	1263015	28736279800	20160122	20241130
986	socialpsykiatriodsherred.dk	1261854	629545077	20100817	20220908
987	solbib.dk	1261505	3658145238	20020115	20241101
988	distriktsskole-stenloese.dk	1261018	2078244554	20140827	20220821
989	4whirlpool.dk	1260391	4614145824	20150902	20241105
990	regnfrakker.dk	1256801	4124338415	20050620	20240807
991	seniorbutikken.dk	1255580	1836572286	20030208	20160123
992	julianina.dk	1255388	2389654972	20111103	20241011
993	paqle.dk	1251861	7986606647	20160622	20241204
994	danskesvampe.dk	1251314	1393250758	20150603	20241102
995	ukendtnummer.dk	1250709	2562930534	20140830	20241107
996	sportstiming.dk	1250101	3431396278	20080507	20241124
997	pball.dk	1250028	4812134205	20000510	20241125
998	worlddiabetesfoundation.org	1247958	4295853670	20051222	20241125
999	detdyreetiskeraad.dk	1246375	2346601082	20160120	20241101
1000	stavtrupgrundejerforening.dk	1244611	987299734	20070623	20241104
