# Top 1000 domains by extracted text (text_bytes), largest first
rank	domain	records	text_bytes	first_capture	last_capture
1	twitter.com	180658820	994454997703	20061118	20241128
2	bazo.dk	12565963	876739493476	20161129	20241204
3	facebook.com	134333987	636855808738	20060306	20241205
4	ritzauinfo.dk	72675533	441085970356	20080430	20160626
5	google.com	38115843	401857620713	20001207	20241205
6	googletagmanager.com	2624338	392892902173	20121116	20241205
7	ft.dk	32630964	220979762783	19990607	20241204
8	fbcdn.net	3446800	220202586300	20080413	20241120
9	akamaihd.net	2299408	210306342194	20101218	20241204
10	twimg.com	727985	209423940042	20090725	20241123
11	squarespace.com	786687	201978204174	20050619	20241205
12	youtube.com	86732119	187465856704	20050804	20241204
13	graduateland.com	3539997	172357551652	20110421	20240406
14	gstatic.com	770952	145328941088	20080907	20241204
15	avisen.dk	32950296	106518090913	20000108	20241205
16	maps.googleapis.com	1137330	101574410953	20110820	20241204
17	retsinformation.dk	6419005	99155856146	20050621	20241111
18	facebook.net	703252	92284132129	20090508	20241205
19	wikipedia.org	18834036	77869315054	20050616	20241204
20	usercontent.one	1980837	75379681572	20191228	20241205
21	reddit.com	18716171	72452595886	20060107	20241204
22	tv2oj.dk	12556365	71513543904	20001202	20230319
23	clausbang.com	4130905	66492763270	20070410	20240201
24	shopify.com	1294224	66413280546	20070302	20241204
25	tagdel.dk	6311781	65073413107	20110824	20241010
26	booking.com	3589639	54457826679	20050825	20241126
27	polennu.dk	3347035	51593224876	20090302	20241125
28	nitrocdn.com	212757	50889029975	20200429	20241204
29	tacdn.com	279032	48216028671	20110412	20241126
30	optimizely.com	253886	46731132862	20100326	20241204
31	wordpress.com	12851612	46673422609	20051217	20241205
32	bilzonen.dk	6366372	45017209507	20001017	20241125
33	fonts.googleapis.com	4341370	44721942529	20100525	20241205
34	news.dk	9400854	44532835511	20060802	20241205
35	handelshusetvega.dk	454136	42808375136	20040810	20200820
36	dmi.dk	8002029	42243417800	19961102	20241204
37	natmus.dk	26823456	42241334153	19961220	20241127
38	sermitsiaq.ag	6072811	42093243568	20100405	20241204
39	wp.com	472868	41309817796	20100218	20241205
40	hs-sb-vagt.dk	88335	38813397764	20141130	20241103
41	ens.dk	1912379	37732002881	19961219	20241127
42	emu.dk	9210671	37533540100	19990202	20241204
43	mediumwave.info	4660667	37408327726	20070527	20241107
44	hoved-fi.dk	3565749	36396689732	20110822	20241129
45	organictoday.dk	6508510	36244354429	20111104	20241103
46	conventus.dk	998293	34187092616	20070411	20241127
47	bioguiden.dk	1564467	34052099023	20031121	20241101
48	sst.dk	2646247	33972560488	19990528	20241129
49	viaplay.dk	774401	32725733200	20110326	20241122
50	larsensnet.dk	3980415	32712178495	20090228	20241106
51	repart.dk	1015300	32554718463	20010814	20241011
52	skagensavis.dk	8355282	31078710989	20070618	20241204
53	pov.international	3769633	31069991760	20160402	20241204
54	peugeotforum.dk	1234728	31038467194	20060611	20241127
55	careerland.dk	617103	30369316472	20180826	20230821
56	cphbusiness.dk	896351	30130648569	20090720	20241102
57	4sqi.net	101603	30106959536	20120314	20241105
58	spor23.dk	977763	29246611155	20070622	20241016
59	tumblr.com	9609101	28796106728	20070401	20241202
60	saxis.dk	1263015	28736279800	20160122	20241130
61	cinemazone.dk	3382474	28666289546	20000815	20241117
62	smugmug.com	1890977	28395188406	20050911	20241201
63	audiclub.dk	2358277	28350006412	20051218	20241120
64	koldfront.dk	2905597	28159033721	20000122	20241106
65	synonymordbog.dk	1185336	27662796536	20090722	20241121
66	tvsyd.dk	5263760	27144641189	19990912	20241204
67	livetiming.dk	1901200	26492436981	20080417	20241104
68	cam-sex.dk	382462	26147019737	20070318	20230201
69	adtech.de	4509457	25585999977	20050616	20241016
70	wikimedia.org	5761303	25560164458	20050616	20241204
71	nordisk-forum.dk	2543530	25322674958	20041110	20241128
72	finansnyheder.dk	3779932	25140616563	20030713	20230418
73	nerds.dk	2445260	24960863318	19981212	20241129
74	linkedin.com	8800141	24917117695	20050704	20241205
75	trosfrihed.dk	2795179	24548850842	20080917	20241003
76	handleidingkwijt.com	206799	24450535715	20220309	20241103
77	humanrights.dk	682484	24173301448	19981205	20241101
78	pulsar.dk	1112174	24134703249	20010404	20241011
79	jesusnet.dk	1047948	23941521487	20010208	20241127
80	uriasposten.net	1610836	23854407845	20050621	20241010
81	fcaasupport.dk	121527	23574776097	20040810	20160608
82	radio100fm.dk	4077693	23262788256	20041013	20160607
83	saebyavis.dk	6358575	23207137378	20090727	20241204
84	comon.dk	3336642	23062525036	19980521	20201217
85	googlesyndication.com	261596	22993574848	20050615	20241206
86	dwcdn.net	666792	22903152538	20150626	20241205
87	budweg.com	755154	22747611500	20050618	20241104
88	photospots.dk	593975	22739898383	20070607	20241104
89	ytimg.com	187423	22687504249	20080130	20241130
90	dlrk.dk	3543602	22538292630	20010303	20241129
91	jurawiki.dk	2974499	22229855246	20080422	20241104
92	reventlow.dk	3151442	21468484210	20000113	20241108
93	simplesite.com	140452	21273602011	20060504	20241024
94	kultunaut.dk	2767330	21223473411	19970415	20241129
95	mh-designs.dk	276200	21189262973	20100815	20191129
96	bedreenergi.dk	592670	21086758889	20100213	20240301
97	amarweb.dk	832402	20899882351	20000511	20191117
98	danskforum.net	2512101	20892268405	20090415	20241121
99	seneste-nyheder.eu	1751563	20886463625	20171121	20210918
100	processmining.dk	229069	20816569404	20140120	20241009
101	strigler.dk	2822996	20765805211	20060105	20241128
102	vojensskakklub.dk	355017	20727393751	20100208	20241126
103	issuu.com	1214817	20726504307	20080407	20241203
104	skrivunder.net	2453287	20457009816	20120409	20241204
105	arto.com	10320466	20437172569	20060417	20241104
106	peter-skjoldhoj.dk	4719062	20325039605	20080430	20241106
107	clausdalby.dk	688199	20224956582	20100210	20241126
108	fyldepennen.dk	3046955	20218178691	20000125	20241115
109	knallertforum.dk	1848700	19998081057	20111103	20241106
110	fritvalgsdatabasen.dk	3037510	19983032163	20021201	20241104
111	stockimages.dk	1736379	19924253664	20060630	20180520
112	psychedelia.dk	2495019	19824418036	20001018	20241130
113	heste-nettet.dk	8893068	19620076106	19980204	20241119
114	goodgames.dk	861666	19580712177	20041207	20241123
115	apple.com	2696166	19508408190	20050512	20241201
116	laegemiddelstyrelsen.dk	3686230	19476869766	20010401	20241119
117	hltv.org	1839258	19404790935	20050619	20241205
118	vimeo.com	9382592	19384929488	20050920	20241130
119	urdebatten.dk	620645	19132479416	20120305	20241117
120	eriklethnielsen.dk	319267	19065868170	20130905	20240626
121	familien-hoyer.dk	4077903	19020220744	20140119	20241105
122	2ja.dk	2748402	19003521006	20070315	20241109
123	perldoc.pl	1289861	18716044331	20060430	20230511
124	streetclassics.net	1465100	18690402279	20060105	20230804
125	msn.com	3961462	18421936822	19991122	20241205
126	armware.dk	438885	18234847417	20010202	20241128
127	yggenyk.dk	2406213	18154691406	20080513	20240126
128	poulsteen.dk	4810194	18114826995	20080430	20241106
129	directferries.com	98376	18100473671	20050619	20241126
130	rokken3.dk	4798655	17993502894	20070303	20241128
131	ptcuser.dk	632466	17825691090	20061120	20240626
132	overskrift.dk	3801521	17718754570	20040411	20241205
133	eogs.dk	821006	17659813196	19970719	20170324
134	svingninger.dk	3132500	17656638579	20010517	20241112
135	ewh.dk	1064797	17480273550	20000121	20241008
136	dk-forum.de	2170515	17439207479	20050622	20241104
137	github.com	4067476	17390417732	20080405	20241127
138	studieportalen.dk	7330390	17350469429	20030206	20241124
139	dykkerklubbenbunden.dk	1572423	17103919325	20080407	20240302
140	aprende2.dk	541981	17054833166	20180110	20241004
141	amino.dk	4295509	17000805077	20050618	20241130
142	pinimg.com	80546	16946235240	20120612	20241128
143	heinex.dk	740668	16871712742	19981202	20241004
144	socialjura.dk	892194	16838862444	20040210	20241127
145	vibekemanniche.dk	625500	16798401338	20060626	20241114
146	muscache.com	159456	16767729878	20101203	20241128
147	stripe.com	601580	16751620408	20120228	20241127
148	storrsantikvariat.dk	87557	16751526345	20141203	20241102
149	computersalg.dk	505318	16667144690	20000901	20241127
150	saltvandsforum.dk	1548573	16662298364	20040606	20221201
151	mxracing.dk	457522	16417483058	20010205	20240422
152	banewiki.dk	877285	16315333845	20190127	20241103
153	sbribe.dk	269975	16308066769	20030410	20241126
154	ofir.dk	1694289	16214631439	20001109	20241129
155	wikzo.com	1489629	16191575432	20090504	20241104
156	lydmaskinen.dk	2247636	16185533773	20060625	20241130
157	debatside.dk	1164632	16182602251	20020408	20241126
158	gratis-sexnoveller.dk	1310830	15992993795	20111102	20241201
159	bodybuilding.dk	1738861	15955654564	20020604	20241011
160	slaegter.dk	3969663	15896983747	20180526	20241105
161	helander.dk	189334	15866471701	20030110	20241006
162	tidebog.dk	655611	15830698576	20171122	20241125
163	greenmap.dk	1036933	15793810096	20080417	20180825
164	leoparddrengen.dk	1336728	15779611605	20100205	20241106
165	pangaea-world.dk	3193090	15652988950	20030625	20241128
166	zilosys.dk	930498	15647883427	20080513	20241011
167	thornlighting.dk	353436	15643417481	20080405	20241113
168	glud-jacobsen.dk	3226660	15596185619	20080417	20241106
169	fiskedagbog.dk	636341	15539934179	20041204	20240808
170	rejmert.dk	2314128	15538407147	20100816	20241104
171	sexlinien.dk	2690687	15518023227	19981202	20241125
172	lupo3lklub.dk	2201155	15465735567	20020206	20240222
173	biq.dk	2739201	15345128913	20010922	20241102
174	sndcdn.com	72477	15324685646	20110328	20241129
175	kvindeguiden.dk	2618324	15301989341	20001109	20241106
176	lorus.dk	950360	15261206393	20050620	20210904
177	opentissue.org	689523	15259335169	20070604	20240626
178	vimeocdn.com	181504	15171944420	20100831	20241205
179	visual-prolog.com	2043486	15155208182	20050725	20241103
180	instagram.com	2877302	15081326652	20110913	20241205
181	kaffe-helbred.dk	307077	15080299973	20111103	20241127
182	stoltze-saltoft.dk	3912539	15064882984	20170324	20241106
183	historisksamfundskive.dk	518183	14947732406	20180113	20241105
184	jakobsvejen.dk	1112229	14933759134	20150125	20241127
185	public-i.tv	234663	14916389709	20071011	20241119
186	jstigel.dk	1871012	14886529417	20151115	20241109
187	tourstats.dk	223117	14815844120	20190203	20240119
188	copenhagen-sc.dk	667283	14744493138	20010306	20241112
189	tv2ostjylland.dk	1594640	14631655737	20080510	20241204
190	reuters.com	887748	14604370877	20050616	20241127
191	metroxpress.dk	2335821	14525785352	20011129	20181118
192	copenhagencyclechic.com	841442	14513698345	20080705	20241128
193	bjergkaeden.dk	597349	14421864228	20010302	20241126
194	edgesuite.net	303364	14294693812	20050618	20241128
195	e-skilte.dk	887298	14288471292	20100211	20241130
196	madopskrifter.nu	1421294	14208308521	20060210	20241105
197	europenews.dk	1230041	14160333234	20071107	20190221
198	myldretid.dk	1305289	14106115052	20000918	20241011
199	nielspdesign.dk	771873	14099277630	20040918	20241101
200	gear-freak.dk	3553150	14073385712	20110329	20241128
201	agentfootprint.dk	527047	14042758222	20110820	20241126
202	troelswinther.dk	4585829	14021727380	20120821	20241003
203	bongorama.dk	4533773	13986763629	20021208	20241130
204	black-wolves.com	1987674	13972022207	20050618	20241108
205	5taarnsmotion.dk	1583267	13970549813	20090920	20241104
206	pld-linux.org	1568516	13931154831	20070822	20201021
207	alboge.dk	3422734	13922849858	20140118	20241106
208	vinolhobby.dk	663286	13858012167	20020221	20241127
209	parastorage.com	404334	13754900627	20120813	20241128
210	adiirc.com	3236332	13738450584	20070320	20241104
211	lav-det-selv.dk	4080437	13602440743	20000621	20241128
212	ardmediathek.de	531098	13589012156	20081204	20241123
213	lumby-stige.dk	1057317	13523953561	20060629	20241105
214	colas-ce.dk	119050	13502785755	20180826	20241106
215	fmfreaks.dk	1116058	13501189762	20040529	20240810
216	spillemaskine.dk	336355	13478096337	20060223	20241010
217	hverdagenssurdej.dk	882277	13417066790	20110105	20210913
218	railorama.dk	952768	13391816249	20020310	20241101
219	bstatic.com	280303	13389113982	20090820	20241126
220	sonderborg.dk	7053187	13347135578	19990909	20241126
221	familien-jonesen.dk	1623692	13342809466	20050619	20241104
222	zerious.dk	2434413	13314290195	20090304	20241110
223	tv2nord.dk	3236355	13297657524	19980123	20241204
224	minjyskeslaegt.dk	1330684	13267182286	20031011	20241126
225	aegteskabudengraenser.dk	2406272	13235314446	20030701	20241202
226	6000kolding.dk	101794	13187059760	20041109	20240701
227	klidmoster.dk	716594	13128337255	20111004	20241126
228	heartbeats.dk	1289223	13122528082	20070505	20241204
229	riffeljagt.com	1672481	13084075800	20050724	20241118
230	adobe.com	743695	13069172341	19980426	20241128
231	sslug.dk	3676999	13025160777	19981212	20230513
232	jwplatform.com	104026	12995711002	20140120	20241204
233	e-conomic.dk	3560038	12949136873	20010302	20241127
234	patach.dk	2644872	12928880450	20080430	20241119
235	mettedoctor.dk	483970	12926328177	20161206	20221229
236	pokernet.dk	1843019	12889126940	20020405	20241127
237	mercedesklub.dk	3028033	12882587212	20060711	20241127
238	blogger.com	1872037	12877289433	20050615	20241128
239	sammenbragte-familier.dk	622620	12862358248	20050620	20241102
240	docplayer.dk	414968	12814474280	20150603	20240629
241	typekit.net	705215	12778640869	20110626	20241204
242	bidstrup.cc	6823716	12717628245	20060303	20241106
243	adobedtm.com	65118	12668791527	20140129	20241129
244	jsja.dk	4290712	12659566302	20150903	20241106
245	germangames.dk	1779533	12658267217	20041014	20241103
246	tidsskrift.dk	1829288	12651818662	20080509	20241118
247	korsoerslaegter.dk	3594516	12606847316	20140829	20241107
248	horsehouse.dk	360396	12601952085	20050622	20201006
249	ommat.dk	201801	12598899033	20100815	20160119
250	twelf.org	2756968	12547982500	20070701	20241004
251	pronor.dk	388049	12504194271	20080430	20241103
252	kunst.dk	3066610	12374849503	20070412	20241122
253	aabo-web.eu	2433824	12373940008	20080407	20241106
254	myfamilytree.dk	4185929	12370463126	20100205	20241107
255	eva.dk	3167911	12302700542	20000511	20241029
256	manuall.eu	77879	12298468374	20191110	20220620
257	stokerpro.dk	2899137	12286811198	20081203	20241127
258	mineroedder.dk	3848459	12279090615	20090725	20241107
259	sundvilje.dk	181370	12268199059	20160122	20241102
260	caravaninfo.dk	679522	12235252303	20170309	20241123
261	denstoredanske.dk	4749526	12195348118	20081204	20200520
262	netdna-ssl.com	128643	12163859952	20110821	20230106
263	editmysite.com	76514	12125098016	20110730	20241127
264	kagekagekage.dk	698332	12108838970	20080422	20241115
265	gigya.com	88536	12069134553	20070314	20241130
266	24.dk	1884463	12047777388	20010310	20130504
267	haandbrygforum.dk	1769197	12022721417	20060615	20240412
268	katalogvirksomheder.dk	855128	12014769351	20150604	20240228
269	stepstone.dk	1817772	11992089204	20000830	20241205
270	anyrace.dk	193625	11986927869	20110820	20190516
271	roskildebib.dk	1723572	11986755092	19970101	20241127
272	lex.dk	6528995	11981152667	20141201	20241129
273	careerjet.dk	4881513	11956957199	20070726	20241125
274	stinestregen.dk	1867936	11941472500	20090302	20241104
275	netsundhedsplejerske.dk	1730235	11915593623	20021123	20241106
276	bjarklev.dk	3944007	11878281054	20001026	20241104
277	afterdawn.dk	1330203	11874286639	20110820	20220919
278	innosurge.com	550376	11824689779	20220528	20241111
279	carolinevej.dk	2973740	11803307694	20140504	20241104
280	billigsport24.dk	610718	11799298342	20060301	20241126
281	oes-cs.dk	1299559	11777488045	19980423	20240905
282	boligdeal.dk	1617956	11755638266	20120818	20241106
283	hyundai.dk	494400	11747956602	20000226	20241126
284	henrikpontoppidan.dk	1874154	11732791648	20000914	20241104
285	dmk-online.dk	565778	11722294667	20010612	20241104
286	papirlageret.dk	164405	11683590146	20031123	20241102
287	diablo3x.dk	1490590	11671627483	20090226	20241103
288	fiskeristyrelsen.dk	2042278	11668164920	20180522	20241126
289	budjet.dk	790264	11627718826	20080403	20220927
290	tobaksfabrikken.dk	968689	11617120482	20121107	20240906
291	builder.nu	32966	11549358647	20181026	20241127
292	tourstart.org	349832	11520814215	20100618	20241112
293	lynggaardweb.dk	340563	11514072529	20080425	20241118
294	vagcars.dk	1742699	11495345646	20010518	20241129
295	biokube.com	725783	11478284876	20070402	20240819
296	michaelaxelsen.dk	6135467	11453270767	20140505	20241101
297	fiskerforum.dk	630115	11419176333	20040406	20241111
298	brondbysupport.dk	2000823	11397667708	20011227	20241125
299	newsoresund.dk	1023111	11356342099	20130302	20241204
300	ordbogen.com	1787732	11334878333	20050619	20241119
301	psyke-sex.dk	1677825	11318313964	20010720	20241102
302	stovt.dk	282185	11292876763	20130412	20241102
303	avcnet.dk	262784	11284354551	20020621	20241011
304	aastrup.de	2813555	11271102835	20051217	20240629
305	ingeniordebat.dk	1064555	11258003062	20040624	20241128
306	svrider.dk	2334674	11256450605	20040211	20241127
307	heavymetal.dk	1645668	11246319472	20010302	20241124
308	flickr.com	6425038	11231562111	20050615	20241204
309	mobilcovers.dk	302131	11220866544	20110324	20241126
310	besteducationnetwork.org	3128897	11219555383	20070331	20241105
311	jobsearch.dk	2393056	11174579351	20110822	20241102
312	sundit.dk	4325890	11167100879	20050621	20241010
313	palby.dk	1971884	11166090287	20010309	20241129
314	bogmarkedet.dk	1180728	11150224076	19981111	20241128
315	gatesofvienna.net	1146845	11106097878	20130406	20241126
316	bedrebad.dk	418750	11073787123	20000408	20241126
317	kmdvalg.dk	17075543	11072110666	20011117	20241125
318	salldata.dk	795773	11031608470	19981201	20241107
319	r9cdn.net	43530	11016597192	20141004	20241125
320	sugarsticks.dk	1511961	11003804912	20180117	20241126
321	webdoktorportal.dk	909772	10991912039	20120226	20241114
322	helsenyt.com	817328	10991255254	20050624	20241103
323	yesbjerg.dk	1009620	10987063001	20171021	20241204
324	clarin.dk	1525139	10985888044	20110323	20241101
325	alter-eu.org	2491591	10968268284	20070323	20240813
326	sporskiftet.dk	3343712	10957101375	20040406	20241129
327	saabklubdanmark.dk	1523962	10937994012	20000511	20241108
328	koldingwiki.dk	3393106	10930357451	20130302	20241107
329	powerfist.dk	1063404	10919479311	20030804	20241128
330	socialdemokratiet.dk	2733785	10889035886	19980127	20241204
331	niflheim-haderslev.dk	2907816	10819004947	20021208	20230919
332	tv2.no	1613056	10815140475	19991004	20241127
333	selleri.de	1615391	10806633310	20071025	20241127
334	t3nettet.dk	2729313	10802789791	20050621	20241129
335	farumkaserne.dk	943276	10791061819	20060628	20241112
336	filmz.dk	4004860	10788463785	20020323	20241129
337	recordere.dk	2404358	10769056585	20030408	20241103
338	straarupnet.dk	3775803	10763292529	20030625	20241106
339	bjafle.dk	589928	10756517618	20100618	20241102
340	arkiv.dk	3557067	10729831092	20030828	20241123
341	blogbogen.dk	1124686	10658532179	20080402	20241103
342	adl.dk	5783316	10644238941	20011129	20221112
343	alfasmeden.dk	938032	10629002189	20010805	20241129
344	pslife.dk	2036105	10613983558	20060630	20241108
345	2200kbhn.dk	441668	10600090512	20020605	20241127
346	thelaw.dk	549763	10577174320	20011002	20230125
347	toldsatser.dk	45146	10537443966	20120510	20240119
348	anneravnskjaer.dk	4082812	10520462011	20140118	20241107
349	skywalker.dk	1168063	10493364382	20000105	20230105
350	holmnielsen.dk	1347263	10461036370	20010502	20241102
351	thai-dk.dk	2382058	10455504357	20090722	20241101
352	psaforum.dk	869904	10403304958	20060611	20241126
353	lomborg.com	1753922	10399680642	20050910	20241101
354	om.org	1662218	10395905282	20060312	20241127
355	gfrock.dk	1196163	10393042318	20120508	20241124
356	livredning.dk	306323	10360899263	20000123	20241118
357	lectio.dk	1946610	10355358000	20030805	20241105
358	familiensen.dk	3966088	10350052226	20110328	20241107
359	sevecu.dk	263506	10339964752	20131110	20241006
360	egedalbibliotekerne.dk	1489935	10335922369	20070303	20241101
361	friii.dk	229426	10313515700	20050619	20240627
362	zwaves.dk	2016033	10302409598	20080514	20241127
363	icenews.is	2186666	10301722870	20050910	20241125
364	rau-tonnesen.dk	1029452	10297806207	20010419	20241125
365	brahde.dk	2258472	10290039521	20000305	20241105
366	jnn-pa.googleapis.com	110999	10278686877	20220411	20241204
367	doctor.com	132800	10273314024	20111216	20240813
368	tax.dk	976832	10259901511	19981203	20240705
369	radio24syv.dk	1098175	10257983852	20111101	20191206
370	familytree.dk	2415685	10254021228	20011104	20241105
371	presse-fotos.dk	1534444	10248244146	20130517	20241120
372	spiludvikling.dk	1532830	10236665506	20030122	20241129
373	kaninforum.dk	1987096	10196671990	20050622	20220824
374	c-web.dk	1057235	10166377400	20040609	20241101
375	tv2lorry.dk	2279834	10161935978	20000709	20241103
376	bitterblog.dk	444671	10131122416	20071122	20220612
377	radikale.net	2264340	10116507700	20071008	20241117
378	harry-jensen.dk	2725116	10106397731	20080417	20241105
379	jets.dk	3632834	10101011243	20000118	20241129
380	lottrup.org	3137976	10092240018	20070523	20241105
381	sheetmusicnow.com	244723	10041178672	20050618	20241105
382	thailand-portalen.dk	1626735	10027557939	20100819	20241202
383	nyhavns-skipperlaug.dk	349309	10023605197	20090302	20241129
384	firmalisten.dk	1322737	10019030180	20090722	20241101
385	mrgnu.dk	76592	10010668323	20041116	20200821
386	farallon.dk	2537712	10003718573	20040410	20241113
387	saaboantikvariat.dk	423287	9991084914	20120228	20231026
388	steenelmfoto.dk	52005	9988184639	20190501	20241123
389	tvmidtvest.dk	1951566	9985714329	20000117	20241204
390	pureinfo.dk	1505204	9945941020	20060115	20171115
391	xeniasbogblog.dk	616307	9909800169	20140830	20230507
392	net2traelast.dk	346935	9889452959	20070531	20220828
393	speedexpress.dk	30382	9876750770	20110105	20180125
394	123nu.dk	2403366	9846710513	20001017	20241130
395	tv2fyn.dk	2362334	9815952717	20000516	20241204
396	diva-portal.org	319185	9806295917	20050804	20241129
397	ungmor.dk	2911637	9794651916	20040507	20241105
398	aarhuswiki.dk	2831518	9794422265	20120914	20241128
399	sidelinien.dk	1423925	9790495953	20050620	20241126
400	sske.dk	37801	9774346306	20080507	20191201
401	bizreport.com	1668866	9767384550	20050619	20241101
402	mermaidsupplies.dk	138324	9749568849	20150604	20241102
403	2base.com	683759	9747589394	20050618	20241114
404	love.dk	4391104	9745065485	20010923	20210925
405	degulesider.dk	4906426	9726984616	19981202	20241119
406	hi-speed.dk	1564477	9724756905	19990508	20241127
407	fvm.dk	2580967	9720569856	19980120	20241125
408	randers-agility.dk	1019738	9714921401	20010305	20241006
409	d297h9he240fqh.cloudfront.net	24006	9681273906	20110903	20170314
410	feedburner.com	1635808	9678061452	20050616	20241128
411	urbanblog.dk	1786559	9671559842	20060425	20200523
412	e-cart.dk	451199	9670668670	20070721	20241012
413	andersaner.dk	1672682	9668116188	20161129	20241124
414	e-byggeri.dk	258592	9636444168	20070731	20200521
415	yimg.com	426037	9631254622	20050615	20241204
416	klosterkaelderen.com	1360288	9622475249	20090228	20241104
417	printerpatroner.dk	1632007	9604962827	20030206	20241129
418	liverpoolfc.dk	873593	9599135906	20021124	20240907
419	steampunk.dk	1371352	9597837548	20090727	20241126
420	holbaek.dk	1811801	9556095373	20000226	20241126
421	sonderborgnyt.dk	1597401	9545285155	20170412	20241204
422	friformobberi.dk	814300	9517390413	20110822	20241101
423	danhostel.dk	2060626	9511378718	19980128	20241126
424	wiwel.dk	403383	9507781847	20180527	20241128
425	esctips.com	350759	9486430789	20140127	20140604
426	johner.dk	804592	9448871032	20080422	20241102
427	zigzign.com	232526	9441107719	20070708	20170622
428	drupal.org	343995	9440415947	20050706	20241124
429	birgitte-b.dk	933685	9425255861	20150306	20241103
430	wordpress.org	2569223	9416887315	20050621	20241126
431	naturnettet.dk	1084715	9411124429	20050620	20241102
432	stegemueller.dk	2102284	9404359135	20041205	20241204
433	rechtsanwaelte.dk	232005	9393443962	20100816	20180314
434	tweak.dk	1322954	9389525337	20010411	20241127
435	modelflyveforum.dk	599344	9381963989	20110324	20240902
436	min-rimordbog.dk	5636235	9378998095	20150604	20241103
437	kamikposten.dk	401801	9370321489	20010124	20241003
438	betfair.com	504954	9367218148	20050618	20241126
439	aktiwiki.dk	2016466	9356048985	20070322	20241104
440	disqus.com	500804	9353733459	20071113	20241125
441	iblacom.dk	3684257	9351647679	20100813	20240811
442	maduniverset.dk	2625698	9335281560	20000903	20241119
443	r2n.dk	382416	9329232481	20090727	20241125
444	alti.dk	480206	9327295423	20050618	20240906
445	hifi4all.dk	2562749	9323594425	20011212	20241129
446	370.dk	1029313	9309677167	20080407	20241107
447	sperling-coll.dk	70367	9290369590	20040324	20220831
448	airsoftzone.dk	1383437	9275315992	20020408	20240520
449	website-files.com	36690	9273790692	20190402	20241129
450	illumsbolighus.dk	715632	9265387856	20000229	20241115
451	rucsdigitaleprojektbibliotek.dk	2543128	9260535609	20050620	20161216
452	oldtrafford.dk	1984879	9258104280	20030407	20241126
453	licdn.com	130457	9256317656	20110925	20241205
454	wsj.net	58664	9235468287	20071219	20241016
455	124forum.dk	1194348	9231175455	20080501	20241127
456	helsingorleksikon.dk	2615694	9226135777	20080418	20241103
457	elfisk.dk	679468	9215231712	20030407	20240626
458	laralil.dk	707646	9209578896	20110331	20221204
459	navisen.dk	2368127	9207759906	20111102	20241205
460	myspace.com	1567783	9192924834	20050622	20241127
461	easyterra.dk	234371	9176841033	20070420	20241126
462	samsoe.com	1188193	9154331388	20110324	20241126
463	danskemodelbyggere.dk	2167444	9136376305	20090226	20240126
464	hjemmehoskaya.dk	458500	9129633010	20131109	20241113
465	je-bolegetoj.dk	386274	9119632403	20080421	20241011
466	islamic.dk	710638	9117656891	20031216	20230202
467	minkusinemaria.dk	462146	9117553217	20120820	20241101
468	pinterest.com	7391528	9108456062	20101029	20241202
469	filmogtro.dk	1568506	9100530779	20060710	20241108
470	n-club.dk	1673336	9082978326	20030222	20241101
471	lisg.dk	1523212	9037234013	20000511	20241011
472	langual.org	3002303	8989736809	20070520	20241111
473	dindebat.dk	1727188	8988839531	20050619	20241127
474	heleneogthomas.dk	1103655	8976031528	20110822	20241104
475	blomsterdalen.dk	315255	8974864886	20060429	20240626
476	vetfokus.dk	1615096	8970091354	20150605	20241111
477	sabro-faarup.dk	2265921	8938291761	20070615	20241108
478	gornitzka.net	6819505	8931604684	20050724	20240423
479	kandu.dk	2261561	8922718585	20010223	20241129
480	glimz.net	688881	8878704527	20060613	20240626
481	virk.dk	5766916	8875962235	20020401	20241118
482	hveiti.dk	584590	8869582201	20110821	20241011
483	capac.dk	1120753	8867728484	20061129	20241127
484	zendesk.com	311558	8864398405	20080821	20241127
485	tvguide.dk	2606298	8851234704	20010801	20241129
486	laptop-batterier.dk	452609	8838477331	20120509	20180615
487	internationalchurch.dk	548263	8836900912	20021017	20241101
488	daguerreobase.org	3453247	8819285413	20170620	20241104
489	fisketips.dk	1215125	8789743322	20020604	20241125
490	nygaards-sedler.dk	1301175	8786438071	20090302	20241109
491	snaphanen.dk	612565	8781957787	20071114	20241202
492	erotikhistorie.dk	766805	8775724629	20120224	20241104
493	skraeppebladet.dk	763770	8774605026	20010210	20241120
494	spartoo.dk	395083	8769087543	20110822	20241126
495	mutterne.dk	1802983	8757512651	20021024	20241104
496	humac.dk	243777	8756828297	20051226	20241127
497	helenejuul.dk	174272	8739952161	20030410	20241127
498	skipperposten.dk	2520813	8719692191	20130905	20241102
499	hal9k.dk	3426809	8699806479	20110329	20241105
500	gyldendal.dk	1485480	8696058308	19980131	20241129
501	rowl.dk	797111	8690643718	20040616	20150602
502	havedagbogen.dk	942472	8668333581	20130905	20241105
503	schillerinstitut.dk	1142427	8654844000	20001204	20241127
504	omag.dk	689597	8637590246	20110325	20221129
505	morethanaclub.dk	1704064	8633109332	20070424	20241201
506	wcfhl.dk	213257	8624431038	20060626	20241124
507	musikipedia.dk	769772	8612846921	20090301	20241103
508	debatten.net	750957	8598440127	20161129	20241125
509	lbf.dk	532798	8589105798	19981202	20240520
510	mosterolga.dk	369692	8587985928	20080427	20241105
511	woodturning.dk	1398146	8587395055	20080422	20241126
512	springer.com	102070	8573844815	20060107	20241128
513	snyd.dk	1883010	8560036364	20000304	20241117
514	vinduespudsning.com	253163	8559619713	20081201	20241126
515	123hjemmeside.dk	2761067	8550329042	20031221	20241111
516	dbzoo.com	2147471	8525499535	20070414	20241104
517	stoneplace.dk	1453101	8522844249	20011213	20241104
518	gearspot.dk	276758	8519614905	20110514	20200319
519	spanienidag.es	522818	8507156358	20121121	20241127
520	boligdebatten.dk	5108238	8499232251	20070427	20240907
521	dust2.dk	1242405	8481202968	20160615	20241205
522	mixpro.dk	379814	8477760314	20071219	20241126
523	dsu.dk	1659776	8426550812	19961219	20200821
524	largestcompanies.dk	5050600	8424048482	20060618	20241102
525	zalando.dk	1517029	8412853629	20100823	20241126
526	kontorcirklen.dk	534573	8402718708	20050619	20241125
527	4h.dk	60996	8398114315	20011203	20240810
528	bsr-tuning.dk	497604	8384466296	20090226	20241126
529	poulpava.dk	375545	8380314666	20010718	20241102
530	musik-huset.dk	167279	8376661826	19981206	20241011
531	insideflyer.dk	1192282	8365536413	20151013	20241126
532	kodan.dk	615680	8347634904	20040415	20240626
533	toyotaextreme.dk	6172048	8328007130	20010626	20241128
534	adform.net	1982512	8327858080	20050616	20241127
535	feline.dk	1941388	8327180079	20010618	20241112
536	u-landsnyt.dk	1456963	8305456577	20021223	20241123
537	poloniainfo.dk	1742980	8298026612	20080430	20241111
538	pieces.com	980131	8274556032	20080430	20241127
539	stokerforum.dk	1306349	8270707128	20060630	20241101
540	metafilter.com	724596	8269761947	20050915	20241014
541	sportsmate.com	479773	8265387108	20050901	20241126
542	dingeo.dk	1718960	8229533374	20130905	20241112
543	bogbasen.dk	3709555	8212294323	20040528	20241104
544	wpmucdn.com	107576	8208108891	20180520	20241127
545	netfugl.dk	1442977	8207925689	20021029	20241127
546	newspeek.info	2347170	8200028004	20170324	20241204
547	tourettesyndrom.dk	648753	8187134623	20050921	20241104
548	stormfashion.dk	784080	8171976072	20080507	20241124
549	ooyala.com	88692	8167749113	20071114	20241130
550	jonima.dk	2201834	8148442867	20050619	20241126
551	bronderslevbib.dk	946921	8147353189	20001206	20241126
552	nordugrid.dk	717566	8135051531	20040605	20241127
553	inked.dk	1214137	8134630783	20070512	20240808
554	ettebjerg.dk	4500323	8134541071	20070423	20241104
555	guardian.co.uk	483407	8124367452	20050618	20241127
556	plandata.dk	265170	8120016881	20180116	20241018
557	gippler.dk	173353	8094372008	20120819	20160127
558	hunde-forum.dk	1789602	8088776912	20060302	20241129
559	thecamp.dk	2832464	8085309802	20020402	20241111
560	pinksquadron.dk	1196405	8084359351	20190430	20241103
561	orgli.dk	198151	8084106807	20120820	20160201
562	gulklud.dk	906917	8067538516	20130905	20241109
563	fleksguiden.dk	912402	8061269803	20150603	20241126
564	wypr.dk	682068	8056924516	20160625	20241107
565	anyhed.dk	1731726	8054825272	20080331	20241124
566	astronet.dk	923457	8054793399	20060608	20241128
567	prisjagt.dk	5959036	8054125937	20050621	20241126
568	eksperten.dk	4141391	8052279923	20000116	20160401
569	linuxin.dk	1885299	8008686340	20020216	20240302
570	hotels.com	786001	8006399145	20050616	20240809
571	chartbase.dk	4945877	8002961564	20080404	20241108
572	paqle.dk	1251861	7986606647	20160622	20241204
573	sik.dk	2976911	7984002995	20000303	20241115
574	plandent.dk	450267	7971632230	20080421	20241126
575	festabc.dk	2837373	7970544109	20020929	20241105
576	mitsdu.dk	708548	7965663137	20171018	20241127
577	cyprianus.dk	98537	7957588018	20010420	20220222
578	nyeborgerlige.dk	1117823	7951212527	20160201	20241204
579	lifetimekidsrooms.dk	244461	7949179366	20111103	20241126
580	krak.dk	4930755	7930929681	19961108	20241124
581	billetto.dk	1701135	7922349133	20100209	20241129
582	gambia.dk	781650	7914975061	20051222	20241128
583	spille-maskiner.dk	2385719	7914746613	20051222	20241103
584	teloos.dk	2546386	7895501917	20080508	20220527
585	superdebat.dk	1376229	7895500683	20140506	20241103
586	phaseone.com	1669574	7888252292	20050619	20241119
587	google.dk	3204266	7883866488	20010330	20241129
588	idebutikken.dk	357191	7845498937	20010401	20210302
589	strikkefaaret.dk	465183	7838061653	20160925	20241103
590	soendagaften.dk	951074	7795056084	20170309	20241205
591	nordfrim.dk	657760	7793985525	20010517	20241118
592	who.int	923159	7787920881	20050615	20241129
593	5erbmw.dk	1830942	7768972017	20160607	20241103
594	voresgenbrug.dk	47656	7765641875	20160123	20241104
595	dansk-vinlager.dk	274146	7764988708	20100810	20241125
596	romu.dk	290563	7751025270	20140506	20241116
597	orgprints.org	1319982	7717695240	20050619	20241101
598	bernina-odense.dk	243402	7713470259	20010405	20241125
599	scope.dk	4128616	7693071810	19961114	20241118
600	jegerup.dk	1166925	7671556709	20041212	20241127
601	ihc-user.dk	2785679	7663899475	20070920	20241129
602	advokatvagterne.dk	888815	7663154641	20121103	20230207
603	wikisource.org	2535645	7641387277	20050910	20241103
604	duse-design.dk	479042	7621889452	20160615	20230827
605	spejderwiki.dk	2049732	7614230624	20050620	20241003
606	philips.dk	1116085	7605795023	19981207	20241121
607	boosted.dk	1176959	7596449262	20060609	20241205
608	findmenukort.dk	963584	7589889985	20101208	20240626
609	studiesalg.dk	216935	7584902205	20050620	20241125
610	visdomsnettet.dk	673368	7582634374	20021016	20241105
611	nft.nu	380433	7581971173	20131230	20241126
612	opelpower.dk	1294138	7580903254	20010222	20241011
613	satwcomic.com	4563512	7570554081	20110120	20241107
614	samsonite.dk	224851	7569339336	20100817	20241125
615	verdensalt.dk	126084	7563260999	20140830	20241127
616	lebock.dk	240555	7552449411	20000301	20241102
617	bibelsite.com	2643600	7550933395	20110628	20241120
618	altomboern.dk	1664810	7546587914	20090730	20241125
619	ubuntudanmark.dk	1434375	7546373020	20070308	20241128
620	club-corvette.dk	2214051	7534637302	20000309	20241107
621	thaiguide.dk	1034839	7532543161	20001206	20241015
622	redditstatic.com	69327	7515443627	20111115	20241204
623	artguidedenmark.dk	675703	7514257547	19970626	20241104
624	ansos.dk	260867	7497349836	20060609	20230605
625	gymfotovideo.dk	701261	7492806745	20100212	20241101
626	familiesporet.dk	3387028	7489877892	20100212	20241128
627	vinmageriet.dk	3102301	7474582847	20140830	20241104
628	camping-i-europa.dk	234034	7469113468	20110323	20241102
629	brpedersen.com	2691210	7457258650	20070727	20241106
630	schroeder.dk	2792371	7455454813	20030611	20241108
631	ontrip.dk	884584	7453384749	20130517	20241107
632	museerne.dk	486434	7453353087	20070926	20241127
633	johansensjournaler.dk	1061852	7440232311	20120819	20230425
634	victoriavine.dk	176011	7433211804	20040110	20241102
635	webmercs.com	1112933	7421089193	20050802	20241007
636	comicwiki.dk	2836809	7409175804	20070411	20241104
637	cnn.com	841040	7402438325	20000622	20241204
638	digitalt.tv	2167533	7393731966	20050619	20241126
639	peterkroman.dk	1930821	7392694702	20110325	20241121
640	tribalwars.dk	2067209	7384519532	20080510	20241101
641	experienza.dk	376763	7370374245	20100811	20150304
642	serveren.dk	289130	7368006960	20020109	20241101
643	centrallager.dk	81318	7367022664	20070408	20241101
644	hornsyld.com	3167548	7361912767	20060616	20241106
645	playright.dk	1618873	7348474712	20030409	20241128
646	kiaklub.dk	1267422	7339132548	20070306	20240705
647	aakb.dk	2136201	7331683201	19981201	20241129
648	sexwriter.dk	603194	7331603879	20060622	20241102
649	risoe.dk	2992568	7324431026	19961114	20241125
650	addthis.com	1989524	7319718257	20061201	20241014
651	db.dk	1994723	7310636100	19960510	20241127
652	goodbeer.dk	880734	7303234403	20011206	20241006
653	garnyarn.dk	68518	7288468428	20170621	20241115
654	getbig.dk	1227902	7281803277	20010129	20231029
655	beatnik.dk	67902	7281440142	20030627	20241101
656	forum18.org	521982	7275054018	20051220	20241113
657	compumail.dk	504335	7268206652	20000119	20241128
658	update.dk	349604	7257360904	20010410	20200519
659	krosstein.fo	724459	7251210797	20050802	20240421
660	favrskov-nettv.dk	85454	7249765692	20070923	20241101
661	ole-munk.dk	3453156	7233609944	20010709	20241106
662	biblia.fo	1267485	7217708773	20080424	20241102
663	powerhosting.dk	516502	7217232876	20030623	20241127
664	bornholmstidende.dk	1295424	7215540150	19980423	20161129
665	soundcloud.com	4010004	7206226728	20071121	20241129
666	ergometertider.dk	1062591	7199835890	20060701	20241105
667	handyhand.dk	613012	7195524136	20100812	20241128
668	krimi-cirklen.dk	223062	7195058777	20120225	20240907
669	localeyes.dk	1372417	7187796837	19990908	20241205
670	tabletcovers.dk	110324	7167344686	20120510	20241126
671	nspop.dk	1629182	7167299742	20120509	20241106
672	typepad.com	933053	7166396870	20050615	20241130
673	nesim.dk	1295479	7165724491	20091211	20241104
674	landbrugsinfo.dk	578268	7165437799	20000519	20241126
675	vintagehifi.dk	1134145	7157308373	20100823	20241129
676	borger.dk	2352421	7148322948	20040613	20241122
677	mhrustfri.dk	159022	7142810944	20110324	20240810
678	im-teknik.dk	822772	7139207945	20000114	20241115
679	tv2bornholm.dk	1105787	7138754661	20000115	20241204
680	internetforbrugeren.dk	874000	7138125379	20150903	20241127
681	sydhavnenshistorie.dk	961963	7137556384	20080508	20241126
682	skisport.dk	999880	7135022148	19981111	20241127
683	kjaerulff-fodpleje.dk	400984	7127771417	20051231	20241125
684	nytimes.com	912700	7127584781	20050616	20241204
685	azureedge.net	82906	7123156064	20150208	20241129
686	oleplannthin.dk	2921919	7122393102	20060303	20241107
687	jernbanen.dk	3487630	7120664113	20010331	20241127
688	mobiludsalg.dk	187827	7110638005	20021001	20241011
689	voresbrabrand.dk	969825	7106904914	20171021	20241204
690	od.dk	1386392	7102825627	19980209	20241125
691	kulturkupeen.dk	657069	7098844395	20140505	20241127
692	byggefirmavestfyn.dk	5294456	7092843324	20010205	20241126
693	ajax.googleapis.com	154515	7091893922	20080801	20241129
694	limfjordupdate.dk	2619938	7085439942	20140513	20241117
695	sortinfo.dk	286819	7081592000	20030814	20241010
696	ds.dk	1931300	7081258525	19961223	20241128
697	discusforum.dk	1008381	7071205965	20060108	20230803
698	huffpost.com	63165	7066900062	20080814	20241129
699	wipernet.dk	171894	7047190181	20151116	20241126
700	ditoverblik.dk	1715719	7045794522	20050619	20241204
701	midgaardshop.com	205603	7045128626	20070528	20210227
702	libris.dk	1209560	7033490242	20030406	20241127
703	intensedebate.com	95379	7015323470	20071110	20241116
704	hjulskift.dk	1021790	7014962191	20030604	20241125
705	espressobar.dk	1715448	7005645635	20080405	20241125
706	gagron.dk	352144	6999849319	20110821	20241103
707	storemorud.dk	2176367	6979285183	20070624	20241117
708	xstream.dk	1158250	6977725701	20001018	20180925
709	activehosted.com	326708	6977692779	20101222	20241205
710	escrm.dk	88681	6967303613	20100811	20241108
711	bilgalleri.dk	1981055	6965793401	20021001	20241129
712	a-frim.dk	1163637	6956293282	20010331	20241106
713	bygj.dk	369624	6951151266	20131108	20241102
714	petitions.net	1015150	6917784126	20190925	20231002
715	firstmile.dk	812514	6909189060	20080405	20241003
716	autismeliv.dk	369382	6899764623	20150123	20241101
717	arsenaldebat.dk	714028	6898235788	20070326	20221115
718	tilbudsportalen.dk	121615	6873414912	20010302	20240905
719	fushinyheder.dk	1235106	6868848145	20141129	20240626
720	kanal5.dk	406609	6864737118	20040204	20241103
721	funnypictures.si	161745	6864478296	20050726	20071225
722	vidogsans.dk	720524	6855100603	20050621	20241205
723	campchaos.dk	281602	6854323856	20090226	20220528
724	jeasblanketanker.dk	1111552	6845465284	20150917	20241103
725	e23.dk	1869325	6843049109	20090226	20241128
726	fcomputer.dk	456890	6838913338	20050620	20241127
727	fsonline.dk	1485573	6838128524	20060615	20241011
728	nordnet.dk	1309947	6829301933	19981202	20241127
729	naturbarnet.dk	277381	6822460926	20131210	20241103
730	sh0p.dk	485686	6820996377	20171020	20240516
731	isaaffik.dk	313640	6815919929	20150603	20200926
732	giz-blog.dk	812839	6813239842	20110505	20241103
733	wiktionary.org	3787007	6812638953	20050624	20241128
734	myfu.dk	95814	6809789886	20170324	20241102
735	cloudflare.com	133502	6798211373	20101022	20241201
736	copenhagenize.com	399744	6796918011	20081212	20241101
737	kino.dk	1268604	6794643938	20031012	20241130
738	defoged.dk	321468	6791896150	20010302	20241103
739	gerdalogy.dk	1474534	6789243914	20160120	20240118
740	nummer9.dk	842137	6783794704	20100815	20241127
741	webflow.com	30474	6782716766	20130329	20241126
742	chillo.dk	212845	6777280696	20110820	20231127
743	mynewsdesk.com	1458896	6763417394	20091020	20241203
744	koimad.dk	597768	6758453125	20130302	20241106
745	pls.dk	90988	6739280667	19970401	20241009
746	kusca.com	892653	6735065474	20060618	20241117
747	hansana.dk	3062942	6728531993	20130515	20241104
748	marinexperten.dk	731726	6728010195	20161206	20241126
749	andwebtree.dk	2345687	6727662981	20171114	20240818
750	citroenforum.dk	1399151	6722141103	20171014	20241104
751	dhhu.dk	2789407	6695270269	20080406	20241101
752	film.nu	967620	6694669910	20050727	20241003
753	gamereactor.dk	521772	6692174176	20010202	20241201
754	babyklar.dk	1007749	6675236683	20040508	20241121
755	g2b.dk	2064501	6663567298	20051222	20230425
756	shopasia.dk	78791	6654840577	20001211	20200503
757	iphoneiphone.dk	222290	6647009949	20120302	20241105
758	altimaskiner.dk	937696	6632513748	20100203	20241127
759	eccoline-helseprodukter.dk	169635	6611149270	20040507	20220602
760	skolenivirkeligheden.dk	651357	6608489266	20130301	20241127
761	effatha.dk	2227907	6608434668	20121103	20241125
762	intrateam.dk	841795	6598886525	20010223	20241116
763	frandzen.eu	3507825	6597133319	20070302	20241106
764	eventzonen.dk	791082	6592117175	20110323	20241122
765	powerforum.dk	1881804	6591327389	20060621	20241104
766	ferienhausseite-daenemark.de	1390480	6588753973	20051228	20241113
767	klosterkaelderen.dk	1031682	6586603953	20080422	20241103
768	birgitfamily.dk	2529400	6567615244	20110820	20240118
769	graenseforeningen.dk	1625932	6553957521	20000518	20241204
770	niipit.dk	427893	6551344876	20150903	20241103
771	myportfolio.com	113654	6550654099	20151115	20241126
772	studienet.dk	2764976	6542684743	20000301	20241125
773	processindustryinformer.dk	530736	6542023550	20140506	20241103
774	coffee-empire.dk	264350	6535703560	20121104	20220921
775	hmi-basen.dk	2265605	6515913687	20000706	20241127
776	mbahoops.dk	2129483	6514766428	20010201	20241113
777	punditokraterne.dk	950632	6514764252	20051102	20241201
778	stamps.dk	1835676	6513853452	20000202	20241127
779	norjewels.dk	142754	6509814389	20160121	20231126
780	hjemmehosclemme.dk	340188	6505719059	20101109	20241101
781	newmyroyals.com	557794	6503381959	20170809	20241101
782	renefrederiksen.dk	338764	6503191281	20050621	20241112
783	pilots.dk	751926	6478075779	20020327	20221108
784	nilfisk.com	697043	6475615963	20070602	20241127
785	dailymail.co.uk	115422	6468798743	20050626	20241204
786	turner.com	127183	6466244078	20060209	20241128
787	densjoveside.dk	2865755	6460465224	20080406	20241105
788	amazon.com	912989	6459913291	20050615	20241201
789	andeby.dk	2026997	6459550919	19961219	20241128
790	jobbank.dk	1415496	6453471913	20000229	20241124
791	gastromand.dk	1073380	6446713603	20100205	20241204
792	itst.dk	1380687	6444235335	20020409	20220711
793	pricerunner.com	335061	6435729418	20050618	20241205
794	traveltalk.dk	149283	6430663613	20080510	20241128
795	primus.nu	176189	6426798887	20081007	20221220
796	tingatango.dk	139806	6426725089	20121107	20241126
797	yahoo.com	3756888	6425283176	19971022	20241204
798	frihedensstemme.dk	1046060	6412981775	20171016	20241202
799	fischer-filt.dk	262787	6403985457	20070426	20210306
800	wixstatic.com	135168	6401885065	20130609	20241126
801	tmdetekt.dk	497229	6395406263	20171020	20241121
802	spartagaming.dk	886949	6385550193	20100207	20241102
803	emd.dk	990956	6385544272	19981201	20241115
804	hestegalleri.dk	1536078	6371814685	20031204	20241128
805	adddata.dk	116736	6358900171	20070320	20240405
806	mindet.dk	1807741	6358800945	20001206	20241103
807	salaf.dk	1044438	6351612073	20040326	20241011
808	phonixtagmaterialer.dk	89849	6345039116	20121103	20241127
809	d4-drf.dk	123716	6339913005	20070509	20240626
810	opdagverden.dk	1167528	6337618299	20080331	20241103
811	lyngbybib.dk	1320885	6321576079	20000302	20241126
812	filmdatabase.dk	3560283	6320728025	20010926	20241106
813	ecco.com	1093082	6297454200	20050615	20241121
814	rasmussenweb.dk	3765234	6296965865	20110823	20241103
815	geoborders.dk	346305	6287605798	20090227	20241102
816	ddfr.dk	1126174	6273761775	20020529	20241101
817	wikisilkeborg.dk	2841266	6267352686	20090304	20240703
818	danbit.dk	367448	6265949120	19980128	20241118
819	vejlewiki.dk	1958597	6265111763	20100823	20240628
820	styrke.dk	1373401	6255397182	20001018	20241117
821	cjb.net	180716	6249489132	20050615	20230821
822	bbc.co.uk	1630884	6246486122	19990427	20241129
823	travshoppen.dk	264439	6243663150	20090728	20241126
824	svnp.dk	63095	6243188120	20140121	20210306
825	allingaabro-portalen.dk	791943	6242686278	20100212	20241102
826	airsoftarmoury.dk	217217	6242053174	20150602	20241102
827	danfoss.com	1295539	6238005401	19970527	20241128
828	rsskataloget.dk	549401	6233155789	20060609	20200827
829	danage.dk	221769	6232636706	20000119	20241112
830	astro-forum.dk	1543412	6228223302	20080331	20200428
831	dto-as.dk	345798	6210434496	20051219	20240820
832	kontorkompagniet.dk	180043	6208146603	20060618	20130628
833	forskningsdatabasen.dk	701361	6200897089	20021003	20240630
834	rykindribe.dk	902960	6194433138	20180526	20241120
835	miff.dk	469662	6194014051	20180525	20241127
836	42day.dk	62898	6185440560	20031018	20220831
837	enra.dk	2453887	6182685024	20050619	20241103
838	merlin.dk	904257	6178618501	19961229	20241126
839	tj-gartner.dk	136844	6173709808	20121107	20241101
840	mediacom.dk	246719	6164484733	20001018	20210226
841	fihu.dk	1841037	6159292709	20111102	20241105
842	iiconservation.org	829161	6154149443	20070511	20200928
843	dahf.dk	831394	6151922299	20020109	20241127
844	proinvestor.com	1072018	6150443279	20091105	20241115
845	mini-t.dk	487280	6143714563	20041022	20240808
846	zopim.com	22864	6141158224	20090701	20241101
847	geekculture.dk	1315289	6135961270	20000511	20241129
848	danishcharts.dk	653077	6133625794	20090226	20240628
849	rejsebeskrivelser.dk	207901	6122872820	20000829	20210304
850	milantifosidanmark.dk	1203265	6121206303	20070721	20230802
851	egir.dk	1218432	6100808001	20011219	20221107
852	calle.dk	247842	6098425621	19990918	20241126
853	altfordamerne.dk	1058900	6093068580	20000407	20170621
854	web-ydelser.dk	1888946	6090732352	20050621	20140205
855	zmags.com	161026	6086536017	20070817	20241127
856	kaimerracing.dk	914895	6073855161	20070515	20241104
857	pralerier.dk	789975	6072633078	20150904	20240224
858	darkness-descends.net	917931	6067887050	20070414	20240627
859	bilkatogo.dk	93886	6063040946	20171014	20241107
860	dmu.dk	276846	6060667914	19961102	20241124
861	danstamps.dk	455456	6055157595	20040503	20241108
862	leksikon.org	893533	6053375309	20050621	20241104
863	kreutzer.dk	1588900	6052321896	20000303	20241121
864	living-guide.dk	468269	6035234160	20190131	20240808
865	kirker.dk	348070	6030029545	19981111	20241129
866	dbgf.dk	1011233	6027172068	20000123	20200821
867	favrskovnettv.dk	74735	6015297931	20080414	20121119
868	mobil-forum.dk	1639955	6006477395	20010414	20240512
869	ishoejlokalhistorisk.dk	1783749	5999213424	20080421	20241202
870	isalarsen.dk	645301	5995774368	20190130	20241128
871	netfonds.dk	2725423	5988713045	20090301	20191111
872	marineproshop.dk	212873	5988585845	20130302	20241011
873	neveri.dk	533106	5982779376	20090725	20241102
874	hardwareonline.dk	849634	5974662133	20000520	20241117
875	navnebetydning.dk	1490698	5971312860	20080428	20241118
876	cdn-hotels.com	24540	5962953742	20110322	20230916
877	3tilbudnu.dk	1425533	5960545194	20160914	20240812
878	2astro.dk	995885	5958068457	20000304	20241123
879	steenmp.dk	2680347	5953429461	20031228	20241104
880	rav-stamps.dk	775598	5952100651	20010124	20241104
881	heartmus.dk	124607	5946528697	20090627	20241009
882	drk-nordsjaelland.dk	270710	5943698662	20130228	20241102
883	rejser-info.dk	1663313	5940107569	20130303	20241126
884	martinusforum.dk	905822	5939355037	20030407	20241111
885	finddet.dk	854146	5938654633	20190410	20241204
886	tagryggen.dk	621754	5933944490	20011128	20241104
887	sex-debat.dk	2079505	5933879010	20050620	20241003
888	kanasta.dk	1748603	5926292072	20070515	20241102
889	hejl.dk	221720	5925710784	20011113	20241011
890	ebblog.dk	897594	5923019047	20060612	20241126
891	langelandskkunst.dk	115422	5914711300	20141201	20241120
892	eskak.dk	5263479	5913104975	20041013	20240810
893	nextlibrary.net	1281427	5910339192	20090228	20241102
894	k10.dk	1888684	5905765832	20041224	20241010
895	iid.dk	212268	5905311428	20001018	20141202
896	keldslaegt.dk	3453096	5905008565	20060629	20241104
897	nettipsforum.dk	2948173	5893784105	20091008	20230425
898	rakker.dk	2105418	5890481489	20050620	20230809
899	sunddebat.com	1693165	5867241737	20051115	20241126
900	ustream.tv	218784	5859545076	20070425	20241126
901	dsv.com	901497	5857078989	20070304	20241127
902	odensebib.dk	963424	5849232208	20001117	20241126
903	anmeld-haandvaerker.dk	1421849	5849213743	20060608	20241127
904	dandomain.dk	895779	5843297322	20001017	20241127
905	magle.dk	1790722	5840901019	20000303	20241127
906	tfrederiksen.dk	2871473	5834076908	20050621	20241103
907	convertworld.com	1114365	5827614925	20070402	20241101
908	fangster.dk	2814543	5824713298	20020523	20241129
909	svireliv.dk	576164	5821642969	20110419	20241104
910	dofbasen.dk	4560526	5813770833	20020129	20241127
911	girander.dk	3756218	5812540451	20120819	20241104
912	lovportaler.dk	211681	5810843854	20060101	20241116
913	goleif.dk	902613	5807574056	20070402	20221108
914	karlsenfoto.dk	834666	5801845909	20070427	20140519
915	youplay.se	298163	5798991870	20131110	20241204
916	straederne.dk	150550	5797503513	20060623	20241103
917	kofod.dk	2719327	5788242117	20010204	20241105
918	himmelskehund.dk	529282	5783777195	20050619	20241011
919	odsherredkalenderen.dk	528342	5782467035	20090302	20241128
920	eni-trade.dk	434528	5777280448	20000127	20241114
921	postkortdatabasen.dk	3095606	5775935781	20120509	20241108
922	for.dk	196339	5774076736	20070427	20241114
923	backpackerplanet.dk	1940673	5773961601	20030210	20241116
924	sporti.dk	2240548	5770482061	20040410	20241115
925	geko.dk	1233908	5767241601	20050622	20200321
926	eastend.nu	853383	5757692205	20150902	20241101
927	batteriboersen.dk	31273	5756323760	20150902	20241101
928	dbujylland.dk	1167217	5752323209	20100608	20241128
929	universalgoals.dk	108928	5749342726	20170315	20220831
930	detectingpeople.dk	768741	5747189361	20120226	20241105
931	club300.dk	1440072	5738656370	20120304	20241104
932	geofyn.dk	1996165	5730289383	20110821	20241104
933	liberator.dk	784345	5724663486	20010304	20241127
934	agnesingersen.dk	477050	5720428861	20090729	20241108
935	smykkeforumforalle.dk	1418838	5718531098	20090304	20241127
936	motorsporten.dk	1897160	5717525885	20010223	20241123
937	miljoerejsen.dk	40806	5716447184	20020926	20240701
938	4babies.dk	938860	5715287849	20040609	20231102
939	nordicturbo.dk	244019	5714621454	20051217	20170622
940	bogguide.dk	270557	5707912821	19980130	20241111
941	shapeit.dk	94722	5707185534	20040608	20241126
942	dannotes.dk	691213	5699954539	20001018	20170309
943	rockfreaks.net	1773065	5699659112	20070613	20230823
944	winsox.dk	157480	5697738075	20130908	20180604
945	kathrineberg.com	127082	5694951141	20080926	20241127
946	skivebibliotek.dk	2253045	5686274867	20000128	20241101
947	oasen-pizza.dk	105043	5679362666	20050620	20241011
948	sannebogorm.dk	715414	5668095689	20160623	20240628
949	maleribasen.dk	1063578	5667663885	20070524	20241118
950	jackjones.com	727217	5663074673	20050620	20241125
951	dba.dk	1203637	5661512609	19961102	20241202
952	skalk.dk	83715	5659411569	19980206	20241126
953	xn--batteribrsen-2jb.dk	26134	5654876803	20150902	20210912
954	mazeland.dk	79690	5650041239	20190905	20230506
955	detecting.dk	765296	5643693512	20111101	20241105
956	profisk.dk	555571	5638803574	20060621	20240811
957	jammerbugtposten.dk	718524	5633041186	20160618	20241204
958	krigsvidenskab.dk	344802	5621554470	20130516	20240525
959	ferienhauser-danemark.de	804048	5617035999	20060315	20210228
960	smykkeforum.dk	1293877	5609472118	20101224	20241011
961	aftenbladet.no	213581	5601791184	20050723	20241129
962	ladiosacopenhagen.dk	210909	5590632108	20190131	20241101
963	sol.dk	1593537	5590473227	19981201	20241112
964	npinvestor.dk	1323262	5590381041	20090303	20241201
965	zenfolio.net	18736	5590141589	20100204	20210305
966	king.com	1804454	5583327645	20051217	20241012
967	star-reptiles.dk	994283	5579999594	20010904	20210501
968	dfsa.dk	1538766	5567367481	20010802	20241028
969	viggapedia.dk	1824012	5565455380	20130908	20241003
970	vegetarkontakt.dk	1204932	5564716838	20070703	20240131
971	virksundlyst.dk	1492270	5564303182	20060626	20241104
972	seedthecommunity.org	1339851	5561105451	20090727	20241005
973	alleroed.dk	772768	5552986125	20011021	20241129
974	vinderuprc.dk	874991	5548592866	20090303	20240628
975	ourtree.dk	8877963	5547003793	20070414	20241106
976	poketeam.dk	531720	5539414028	20070920	20190524
977	jurabibliotek.dk	1744019	5534400036	20190130	20241127
978	good-evening-europe.dk	684825	5533700163	20130905	20241106
979	sejlsport.dk	320871	5532652146	19980202	20240406
980	bikester.dk	552750	5529036231	20120818	20241103
981	nain-modelskibe.dk	307163	5524801100	20170324	20241126
982	nhf.dk	1163593	5523545302	19971008	20241119
983	danskforfatterleksikon.dk	3124665	5517175209	20150902	20241120
984	loebesiden.dk	1209484	5512746083	20090301	20241103
985	minibib.dk	402774	5511268294	20010516	20220614
986	popgen.dk	1315596	5509766438	20111104	20240627
987	ordnet.dk	2094805	5506301077	20040129	20241118
988	madplaner.dk	253540	5499907991	20020525	20241103
989	newgear.net	1438979	5489730930	20050705	20241101
990	mednote.dk	2531271	5485214721	20060411	20240118
991	anygoal.dk	504535	5480866782	20110820	20190217
992	lystfiskeri.dk	453682	5480032478	20000108	20241126
993	e-komplet.dk	224808	5478093427	20120223	20240423
994	lohse.dk	704379	5474795206	19980212	20221109
995	fjerkrae.dk	920395	5472914020	20000115	20241103
996	fredericia.nu	782113	5471836333	20190401	20230821
997	ribewiki.dk	2505946	5466817945	20090302	20241201
998	jobatlas.dk	1302461	5465724717	20120508	20241103
999	janjeppesen.dk	2962447	5464978200	20050621	20210918
1000	hklindtshop.dk	254280	5461237138	20070415	20120417
